assay_tube_index,time_s,mean_height_px,max_height_px,mean_vertical_velocity_px_s,max_vertical_velocity_px_s,mean_speed_px_s,max_speed_px_s,mean_height_mm,max_height_mm,mean_vertical_velocity_mm_s,max_vertical_velocity_mm_s,mean_speed_mm_s,max_speed_mm_s
1,0.0,22.775401069518693,22.775401069518693,1.6945382618757776,1.6945382618757776,4.804958836879141,4.804958836879141,3.0417897922562527,3.0417897922562527,0.22631562762948643,0.22631562762948643,0.48983555283928354,0.48983555283928354
1,0.2,23.453216374269005,23.453216374269005,1.1692033456739637,1.1692033456739637,3.6174009224146206,3.6174009224146206,3.1323160433080472,3.1323160433080472,0.156154036150112,0.156154036150112,0.36673174738403697,0.36673174738403697
1,0.4,23.47692307692307,23.47692307692307,3.5322262876443733,3.5322262876443733,8.068864093746543,8.068864093746543,3.13548221394632,3.13548221394632,0.4717497546102675,0.4717497546102675,0.8488672102439562,0.8488672102439562
1,0.6,24.894736842105317,24.894736842105317,1.8136414993604915,1.8136414993604915,5.685009929859727,5.685009929859727,3.324839645022413,3.324839645022413,0.24222257086617602,0.24222257086617602,0.6183154305483752,0.6183154305483752
1,0.8,24.5414012738853,24.5414012738853,2.2207532051282906,2.2207532051282906,6.014074955647357,6.014074955647357,3.277649585827753,3.277649585827753,0.2965947519370006,0.2965947519370006,0.6609150114132133,0.6609150114132133
1,1.0,24.809375000000045,24.809375000000045,-0.024129904048208712,-0.024129904048208712,1.7144092042385317,1.7144092042385317,3.31343906510852,3.31343906510852,-0.0032226916925821906,-0.0032226916925821906,0.19704885285013649,0.19704885285013649
1,1.2,24.88025889967639,24.88025889967639,0.673519244379198,0.673519244379198,1.280700112668609,1.280700112668609,3.322906030006864,3.322906030006864,0.08995248672844035,0.08995248672844035,0.1396389587176449,0.1396389587176449
1,1.4,24.945512820512818,24.945512820512818,0.24713287187826913,0.24713287187826913,0.7717187696876561,0.7717187696876561,3.331621077864817,3.331621077864817,0.03300605968324118,0.03300605968324118,0.07956743923282589,0.07956743923282589
1,1.6,24.957654723127007,24.957654723127007,-0.06958263817693938,-0.06958263817693938,1.3763818990070948,1.3763818990070948,3.333242700918465,3.333242700918465,-0.00929317371311412,-0.00929317371311412,0.13664472549962484,0.13664472549962484
1,1.8,24.838509316770228,24.838509316770228,-0.3403131656286482,-0.3403131656286482,1.218507495922191,1.218507495922191,3.3173301257789953,3.3173301257789953,-0.04545084015073736,-0.04545084015073736,0.12465335570163016,0.12465335570163016
1,2.0,24.74132492113563,24.74132492113563,-0.3619139900217761,-0.3619139900217761,1.0296713583042458,1.0296713583042458,3.3043505737743746,3.3043505737743746,-0.048335758266680656,-0.048335758266680656,0.10633331322600299,0.10633331322600299
1,2.2,24.74050632911394,24.74050632911394,-0.32873245916732713,-0.32873245916732713,0.4462602706744618,0.4462602706744618,3.3042412459584565,3.3042412459584565,-0.04390416816925909,-0.04390416816925909,0.05361693384216348,0.05361693384216348
1,2.4,24.641269841269832,24.641269841269832,0.030484105799548966,0.030484105799548966,0.5945171555295995,0.5945171555295995,3.29098762487744,3.29098762487744,0.004071332994931139,0.004071332994931139,0.0676504716646475,0.0676504716646475
1,2.6,24.75961538461536,24.75961538461536,-0.2909832173334819,-0.2909832173334819,0.9558764091866122,0.9558764091866122,3.3067933735713333,3.3067933735713333,-0.03886253319979727,-0.03886253319979727,0.11256454738812438,0.11256454738812438
1,2.8,24.565916398713853,24.565916398713853,0.051525981989659596,0.051525981989659596,0.9614888495294714,0.9614888495294714,3.280923726038578,3.280923726038578,0.006881600265731151,0.006881600265731151,0.11369744473314043,0.11369744473314043
1,3.0,24.672185430463628,24.672185430463628,-0.12651552387978943,-0.12651552387978943,0.6235796759935841,0.6235796759935841,3.2951165850368787,3.2951165850368787,-0.01689689801399542,-0.01689689801399542,0.0771548010984014,0.0771548010984014
1,3.2,24.683706070287485,24.683706070287485,0.2608017960447265,0.2608017960447265,0.4313936253788914,0.4313936253788914,3.296655234762936,3.296655234762936,0.03483162551515482,0.03483162551515482,0.04942020353689669,0.04942020353689669
1,3.4,24.72239747634069,24.72239747634069,-0.07593675640047552,-0.07593675640047552,0.6264727364812365,0.6264727364812365,3.301822701347671,3.301822701347671,-0.010141803859830337,-0.010141803859830337,0.06465170642189433,0.06465170642189433
1,3.6,24.626623376623343,24.626623376623343,0.05096607333030123,0.05096607333030123,1.2741522838738695,1.2741522838738695,3.2890315027209804,3.2890315027209804,0.006806821145950488,0.006806821145950488,0.12818236260215055,0.12818236260215055
1,3.8,24.714285714285666,24.714285714285666,-0.1548154660323078,-0.1548154660323078,1.4422223616892333,1.4422223616892333,3.3007393274505064,3.3007393274505064,-0.020676523009322673,-0.020676523009322673,0.14581374504839265,0.14581374504839265
1,4.0,24.629508196721304,24.629508196721304,0.5421661671662528,0.5421661671662528,2.476655668196558,2.476655668196558,3.2894167875420774,3.2894167875420774,0.0724095047968287,0.0724095047968287,0.25161589975836907,0.25161589975836907
1,4.2,24.951923076923094,24.951923076923094,-1.1847488136146456,-1.1847488136146456,4.773288467127565,4.773288467127565,3.3324772055990777,3.3324772055990777,-0.1582302255244937,-0.1582302255244937,0.5069247109488982,0.5069247109488982
1,4.4,24.003436426116878,24.003436426116878,-1.1350909807898302,-1.1350909807898302,4.5511714040330205,4.5511714040330205,3.20580119213581,3.20580119213581,-0.151598127651397,-0.151598127651397,0.48538834542834913,0.48538834542834913
1,4.6,23.948453608247405,23.948453608247405,-1.9141246684351154,-1.9141246684351154,3.5937061671603243,3.5937061671603243,3.198457910951239,3.198457910951239,-0.255642693614039,-0.255642693614039,0.38950888516268073,0.38950888516268073
1,4.8,23.803448275862024,23.803448275862024,-0.6677482827848279,-0.6677482827848279,1.1544639590731964,1.1544639590731964,3.179091589430654,3.179091589430654,-0.08918174060565348,-0.08918174060565348,0.1274537264096571,0.1274537264096571
1,5.0,23.60278745644598,23.60278745644598,-0.5615713614675614,-0.5615713614675614,1.5187456149597096,1.5187456149597096,3.152292147772418,3.152292147772418,-0.07500118350151068,-0.07500118350151068,0.16051474705966695,0.16051474705966695
1,5.2,23.611510791366868,23.611510791366868,-0.6376416108491861,-0.6376416108491861,1.783905042304264,1.783905042304264,3.1534572008503328,3.1534572008503328,-0.08516081614012472,-0.08516081614012472,0.1867128940098358,0.1867128940098358
1,5.4,23.420863309352512,23.420863309352512,-0.3427925718142431,-0.3427925718142431,1.3242161704536046,1.3242161704536046,3.1279950997465793,3.1279950997465793,-0.045781979541133666,-0.045781979541133666,0.13469718089452892,0.13469718089452892
1,5.6,23.397111913357435,23.397111913357435,-0.6964146992263897,-0.6964146992263897,1.1436188029430037,1.1436188029430037,3.1248229600477377,3.1248229600477377,-0.09301031041420839,-0.09301031041420839,0.12962112785017413,0.12962112785017413
1,5.8,23.193661971831034,23.193661971831034,-0.42171856920049305,-0.42171856920049305,0.7837069519480288,0.7837069519480288,3.0976510146018077,3.0976510146018077,-0.05632301425048334,-0.05632301425048334,0.08912594011039428,0.08912594011039428
1,6.0,23.167832167832216,23.167832167832216,-0.39961542669137357,-0.39961542669137357,0.8874076282449616,0.8874076282449616,3.0942012911962893,3.0942012911962893,-0.05337100857313903,-0.05337100857313903,0.09843052882824337,0.09843052882824337
1,6.2,23.15734265734261,23.15734265734261,-0.4334925637743932,-0.4334925637743932,1.3616198018903403,1.3616198018903403,3.0928003549038543,3.0928003549038543,-0.05789550100492752,-0.05789550100492752,0.1390122181895443,0.1390122181895443
1,6.4,22.933566433566398,22.933566433566398,-0.31024531024532526,-0.31024531024532526,1.2883935757439369,1.2883935757439369,3.062913713998851,3.062913713998851,-0.04143509986582,-0.04143509986582,0.13269209744524343,0.13269209744524343
1,6.6,22.98168498168502,22.98168498168502,-0.6521748691559036,-0.6521748691559036,1.467272066572386,1.467272066572386,3.0693402312767972,3.0693402312767972,-0.08710181891898489,-0.08710181891898489,0.1630005420198172,0.1630005420198172
1,6.8,22.766037735849068,22.766037735849068,0.7601478980789501,0.7601478980789501,1.9553835749434256,1.9553835749434256,3.0405392635524633,3.0405392635524633,0.10152225683859091,0.10152225683859091,0.23526482165199036,0.23526482165199036
1,7.0,23.389655172413768,23.389655172413768,0.4398817556710806,0.4398817556710806,2.215061268264681,2.215061268264681,3.1238270681020057,3.1238270681020057,0.05874881544855858,0.05874881544855858,0.2638544780596573,0.2638544780596573
1,7.2,23.24561403508767,23.24561403508767,0.42539809982599736,0.42539809982599736,2.431591564041678,2.431591564041678,3.1045895205459324,3.1045895205459324,0.056814437372420305,0.056814437372420305,0.2813952485937623,0.2813952485937623
1,7.4,23.021276595744666,23.021276595744666,-0.5841821082340927,-0.5841821082340927,1.1869776591597556,1.1869776591597556,3.0746279259759155,3.0746279259759155,-0.07802098273577206,-0.07802098273577206,0.12948483176794157,0.12948483176794157
1,7.6,23.039145907473312,23.039145907473312,0.2526641807772496,0.2526641807772496,1.3243309771865208,1.3243309771865208,3.0770144784605424,3.0770144784605424,0.03374479876824709,0.03374479876824709,0.1582775069874678,0.1582775069874678
1,7.8,23.39721254355402,23.39721254355402,0.30261729890715583,0.30261729890715583,1.2311349748514842,1.2311349748514842,3.1248363998068807,3.1248363998068807,0.04041633374386009,0.04041633374386009,0.1481984280438816,0.1481984280438816
1,8.0,23.20284697508896,23.20284697508896,0.12750058505010434,0.12750058505010434,3.047970355497996,3.047970355497996,3.0988777262222316,3.0988777262222316,0.01702845877129978,0.01702845877129978,0.32363141863839107,0.32363141863839107
1,8.2,23.115646258503375,23.115646258503375,-0.4164068708356206,-0.4164068708356206,2.9617486742291224,2.9617486742291224,3.0872315537233224,3.0872315537233224,-0.05561360545383926,-0.05561360545383926,0.29550261573900927,0.29550261573900927
1,8.4,23.147368421052647,23.147368421052647,-0.2676557566036322,-0.2676557566036322,3.4041608159509305,3.4041608159509305,3.091468236534577,3.091468236534577,-0.035747012568097904,-0.035747012568097904,0.33104282915709365,0.33104282915709365
1,8.6,23.04225352112678,23.04225352112678,-0.11058413975907512,-0.11058413975907512,1.6667958453843905,1.6667958453843905,3.077429518681373,3.077429518681373,-0.014769167246621523,-0.014769167246621523,0.16273029952208104,0.16273029952208104
1,8.8,23.04929577464793,23.04929577464793,-0.6726602984328665,-0.6726602984328665,1.5889052676924527,1.5889052676924527,3.0783700533753495,3.0783700533753495,-0.08983776940672683,-0.08983776940672683,0.17363580449562557,0.17363580449562557
1,9.0,22.74377224199293,22.74377224199293,-0.2699530516432949,-0.2699530516432949,0.9034565087472431,0.9034565087472431,3.0375655748905412,3.0375655748905412,-0.03605382993566512,-0.03605382993566512,0.11389378862265308,0.11389378862265308
1,9.2,22.880281690140805,22.880281690140805,-1.9571596244132097,-1.9571596244132097,5.891829347837386,5.891829347837386,3.055797220719974,3.055797220719974,-0.2613902670334838,-0.2613902670334838,0.6193390567564266,0.6193390567564266
1,9.4,21.875,21.875,-1.5752685514697287,-1.5752685514697287,7.295291517434396,7.295291517434396,2.9215358931552586,2.9215358931552586,-0.21038645094754274,-0.21038645094754274,0.7366725089840341,0.7366725089840341
1,9.6,21.798611111111086,21.798611111111086,-2.217404103074982,-2.217404103074982,7.474346800253902,7.474346800253902,2.911333704322015,2.911333704322015,-0.2961474595091796,-0.2961474595091796,0.7610782933827472,0.7610782933827472
1,9.8,21.54983922829581,21.54983922829581,-0.812901929260474,-0.812901929260474,3.5169610371894713,3.5169610371894713,2.8781087450144653,2.8781087450144653,-0.1085678703519829,-0.1085678703519829,0.36290222754939494,0.36290222754939494
2,0.0,133.44982305984502,192.04819277108436,8.623351549909538,26.534135367762133,9.49818916724222,27.2037750409969,18.249548452628378,26.26300072083205,1.1792617504149778,3.628599708411917,1.27766540235098,3.6837063536362216
2,0.2,136.89916367980882,192.02499999999998,10.852512726752048,32.538033076507986,11.68577997954761,32.990741579323355,18.72125315279437,26.259829059829055,1.4841043045131013,4.44964554892417,1.5819351561874146,4.486897759568813
2,0.4,139.96133069589624,191.83333333333326,12.818551743520615,38.21296573768848,13.726648005478365,38.75370025611928,19.14001103533624,26.233618233618223,1.7529643409942706,5.225704716265091,1.8584117740506614,5.270187125029609
2,0.6,141.14095410595738,191.98734177215192,9.382201565303552,27.384259259259238,10.066087041473788,27.8571785095838,19.301327057224942,26.254679216704535,1.2830361114945028,3.7448559670781854,1.3589562792546064,3.783935222833483
2,0.8,142.52848461899097,192.10126582278485,8.998859430547238,26.689201777439468,9.945420741523451,27.38674388389211,19.491074819691068,26.270258574056047,1.2306132554594533,3.6498053712737764,1.3332584056778407,3.707339018372154
2,1.0,109.50684840203209,191.84523809523807,11.204784478785802,32.75352716993515,13.182606792948453,34.4295130110279,14.9752955079702,26.235246235246233,1.5322782193211373,4.4791148266578,1.7233254075222044,4.61825446322332
2,1.2,112.46487775303103,191.93975903614455,17.63792097534946,37.42572608579811,19.59817804780245,38.96355023782554,15.379812342294843,26.248172175883017,2.412023381244372,5.118048011733076,2.59625749646342,5.245623481917384
2,1.4,117.96547968581655,192.07999999999993,26.2308691441251,64.54505756252462,28.13126829536809,68.61617173962141,16.132031410026194,26.26735042735042,3.587127404324799,8.826674538464905,3.7587315152851684,9.169255192328924
2,1.6,125.24536988850716,195.95202952029513,29.594761943512246,76.43443802439623,30.5758630021897,78.48716961286156,17.12757195056508,26.796858737818138,4.04714693244612,10.452572721284955,4.136349212874734,10.622608602184972
2,1.8,130.22173491913838,203.82089552238813,29.546676259419222,72.87098971881579,30.346090780822212,73.20686980059466,17.808100501762514,27.8729429774206,4.04057111239921,9.965263551291049,4.128055465511896,9.992821151834873
2,2.0,135.69348544146808,213.28464419475654,25.65618706556141,58.567590658819114,26.35489786020962,58.64424835210584,18.556374077465723,29.167130830052177,3.508538402128055,8.009243167017997,3.5857282303628395,8.015524327333011
2,2.2,140.639082127844,222.50763358778624,27.19574473834888,60.19573895060832,28.190948859456277,60.27022554362221,19.232694991841914,30.42839433679128,3.7190762035348888,8.231895924869514,3.8355513334042204,8.237999296014483
2,2.4,146.5391817621477,233.51698113207544,30.66404882791407,68.77277406689167,31.46820277134767,68.84511683982191,20.03954622388345,31.93394613771972,4.1933741986891055,9.404823804019376,4.281525791212543,9.410751601852924
2,2.6,154.09191473821653,245.88844621513942,31.394617344882068,77.49221094298684,32.30739353320097,78.19997763815938,21.072398596679186,33.62577042258317,4.2932810044283185,10.597225428100765,4.389316905976539,10.65548358594071
2,2.8,159.47585253477325,251.6984126984127,33.12735687895145,85.45977011494261,34.44688644002699,87.19963432000115,21.808663594498903,34.42029575362909,4.530236838147207,11.686806169564802,4.664762704851894,11.830160135293381
2,3.0,166.41559588951858,262.27450980392155,31.939925452867506,84.76333011080534,33.27265597707142,86.71971658105718,22.75768832677177,35.86659963130551,4.367853053383586,11.591566510879362,4.502477104114599,11.752677992004346
2,3.2,173.25587000993704,272.0199203187251,34.28894123454021,89.021448156667,35.55904202271995,90.44678502876314,23.69311042870934,37.199305342731634,4.689085980791825,12.173873252193777,4.819113717569511,12.291212508467424
2,3.4,180.04921727549737,280.9525691699605,35.36004028617791,96.12121212121224,35.986350842388795,96.52723083712641,24.622115182974,38.4208641599946,4.835561064776468,13.144781144781161,4.894632440687396,13.178071115508155
2,3.6,187.63162006122533,289.42914979757086,35.52255952246125,97.85318597919878,36.14209080424201,98.05663880361105,25.659024965637656,39.580054673172086,4.857785917601539,13.381632270659663,4.92128102105704,13.398307720359446
2,3.8,194.56940572341378,298.78008298755185,34.41844613542104,87.63441309066611,35.04277324294294,87.67991591206358,26.60778197927026,40.85881476752846,4.7067960527071495,11.98419324316802,4.777768506275492,11.987919629001679
2,4.0,200.70028495675,311.3333333333333,25.673399432307185,58.68852912688531,26.68443370938536,58.743157268002356,27.44619281459829,42.57549857549857,3.5108922300591,8.02578176094158,3.628986379213864,8.03025645568802
2,4.2,203.03565972060966,316.5369649805447,20.933446424635854,45.59870333109753,21.99081586482402,45.688279790505305,27.765560303673112,43.28710632212577,2.862693528155333,6.2357201136543665,2.9850945124365507,6.243059061717015
2,4.4,207.1294735781953,322.35686274509806,17.248925748856003,41.93793278698947,18.065612834929233,42.04096048399653,28.32539809616346,44.08298977710743,2.3588274528350066,5.735101919588298,2.452275777549024,5.743542839180052
2,4.6,211.0496404060636,328.0197628458498,20.28540829863503,61.816472344135526,20.85995063420898,61.899739706678595,28.861489286299292,44.857403466099115,2.774072929727868,8.453534679539898,2.838412111032248,8.460356362474487
2,4.8,215.20690469979064,328.3526970954357,21.68749935108812,76.08981990232006,22.235648390460135,76.30073017354646,29.430004061509834,44.90293293612796,2.9658118770718747,10.40544545672752,3.024200956275018,10.422733339291495
2,5.0,220.14197318884817,328.6923076923077,22.138598425815207,82.26198769302208,22.956360744163618,82.82014929035785,30.104885222406587,44.949375410913866,3.027500639427726,11.24950259049875,3.1173423542013565,11.2953235758841
2,5.2,224.33279946155272,331.9282868525896,24.513934294513223,76.4841150462645,25.128911990072964,77.07927869314845,30.67798966995593,45.39190247556782,3.3523328949761666,10.459366160172925,3.4175184177435054,10.508218283831178
2,5.4,229.9152652764986,341.2851063829787,24.845411283702262,68.28167621385712,26.112041847542812,68.77176451501022,31.441403798495536,46.671467539552644,3.397663081531937,9.337665123262518,3.5420245512885336,9.377900326640065
2,5.6,235.04921995906952,348.12350597609566,26.649636269286667,70.47642204538765,27.719449246554095,70.62663902210572,32.14348307132575,47.60663329587633,3.644394703492191,9.637801305352157,3.7647810278012703,9.650107782987847
2,5.8,240.3225812231247,353.98809523809524,25.58502792691723,65.09479956663061,27.168021749283028,65.20475883203477,32.864626492051244,48.40862840862841,3.4988072378690247,8.901852932188804,3.6800090079441405,8.91086167513092
2,6.0,245.26628203264892,364.3703703703704,22.54496438843703,46.6505923500716,24.041949650261067,47.306319725574916,33.54068814121695,49.82842671731561,3.083072053119592,6.37956818462517,3.2664892288284566,6.433424091080056
2,6.2,248.57619859213173,376.11386138613864,17.648173882765796,54.308129558129444,20.13530502306466,54.82691472901121,33.993326303197506,51.434374206651434,2.413425488241473,7.4267527600860745,2.7304411151589427,7.469359289873569
2,6.4,250.9114855527842,386.57297297297293,11.531254940251255,41.71604938271597,13.639103357437232,41.97738598143375,34.31268178499613,52.86468006468006,1.5769237525129922,5.704758889944074,1.8463187559533722,5.726201697403486
2,6.6,252.1850349967997,389.4,10.121825304083389,37.01453209837106,11.678031939683942,37.10886517843978,34.486842392724746,53.251282051282054,1.3841812381652512,5.0618163553327955,1.5756761645880517,5.069555016585775
2,6.8,254.6492937745818,398.3225806451613,9.805465934723378,36.029694167852135,11.615120418435442,36.114632693180106,34.823835046096654,54.47146401985111,1.3409184184237104,4.927137663979774,1.5692206304822338,4.934106960147389
2,7.0,256.7947651136182,408.1907894736842,12.53470839359609,47.64335664335661,14.117197018440368,47.665548652023425,35.117232836050356,55.820962663067924,1.7141481563892065,6.515330823023107,1.9204515223763206,6.517148515369217
2,7.2,259.70586003295733,417.986013986014,12.325773841724574,48.89446435682995,14.16520002974388,48.89975719497179,35.515331286558265,57.16048054509592,1.6855759099794336,6.686422476147702,1.9302391339547755,6.686855899745537
2,7.4,262.04475807961654,427.6592592592593,7.505094829025165,29.151153346328684,10.511197651740506,35.7558111351377,35.83518059208431,58.48331750553974,1.0263377543966035,3.9864825088996567,1.4328088454252201,4.889021886243674
2,7.6,261.2978220110333,425.68148148148146,5.8541281538833685,24.306464145173795,9.46751184921756,31.049510708516788,35.733035488688316,58.21285216840772,0.8005645338643985,3.323960908741739,1.2885669508559952,4.237859413338914
2,7.8,263.21833692528736,432.5698924731183,3.6936413175500515,16.258591925258532,7.559729356191422,23.01018491875635,35.99567000687691,59.15485709034097,0.50511334257094,2.2233971863601174,1.02912172052176,3.1379958397252623
2,8.0,264.26094287014655,437.4144144144144,8.090499464587195,35.714197530864304,11.217080379318983,35.867432989497935,36.138248597626884,59.81735581735581,1.1063930891743188,4.883992824733578,1.5305986006162955,4.896568018692581
2,8.2,266.15212168978564,447.11,7.280827051384001,35.98433559007038,11.007559038785345,36.02515175093286,36.39687134219291,61.143247863247865,0.9956686565995151,4.920934781548069,1.503836803987126,4.924278292243437
2,8.4,267.5868331561178,454.1604938271605,7.293476207707817,33.38774068185834,10.485796453809757,33.4177225947576,36.59307120083662,62.10741795926981,0.9973984557549143,4.565844879570368,1.4277007803019077,4.5683008987096025
2,8.6,268.63702859477127,457.4470588235294,6.637079495250266,27.671276595744505,8.317171660926235,27.705252895861253,36.73668767107983,62.55686274509803,0.9076348027692626,3.7841062011274436,1.1303447783991383,3.7868893473902836
2,8.8,270.1343693869358,463.7127659574468,6.054939846965699,22.360715416270963,6.497360526909182,22.39387749271192,36.94145222385447,63.41371158392434,0.8280259619782159,3.057875612481499,0.8807769714467235,3.0605927566674516
2,9.0,271.2197970642972,467.5769230769231,4.981491349635282,19.191409897292218,5.359171838982032,19.222930661043474,37.08988677802355,63.94214332675871,0.6812295862749148,2.6244663107408392,0.7292395332708105,2.627049044064182
2,9.2,271.6259234045524,468.96190476190475,2.384228886945659,9.674125703105979,3.6868477131923267,9.947865610053023,37.14542542284478,64.13154253154254,0.3260483947959871,1.3229573611085061,0.49560066355756655,1.3463112349254114
2,9.4,271.5649067191032,469.51724137931035,6.84843570004136,16.440631808278926,9.250720874557876,20.522999220119814,37.13708126073206,64.20748600058944,0.9365382153902795,2.2482915293372927,1.2383802000054258,2.8046586009908334
2,9.6,275.328858484322,474.55882352941177,13.695267228796038,32.63047138047131,16.028695266680803,36.71024919180224,37.65180970725771,64.89693313222726,1.8728570569293719,4.4622866845089115,2.1658931439830322,5.018441477470456
2,9.8,279.84308374183007,481.6979166666667,20.6954425568171,51.98142135642126,22.410056574933172,52.029350854269246,38.2691396570024,65.87321937321937,2.8301459906758506,7.108570441903779,3.0342880115479507,7.11249652705298
3,0.0,126.25415923945332,211.5588235294117,-11.71727117464556,-1.5790976584807481,12.002527945792213,21.857829784553598,17.354523606797706,29.08025065696381,-1.6106214673052355,-0.21705809738567616,1.6347833952119089,3.0043750946663854
3,0.2,107.12564192720481,210.9271844660194,-2.339648357158808,8.75757575757575,8.692222969356028,15.104852501592747,14.72517414806939,28.99342741800954,-0.32160114875035156,1.2037904821409962,1.1860845327797047,2.0757831428409435
3,0.4,108.26262017564329,210.51941747572823,-4.852573691717592,0.8362696734790601,9.531613763541388,15.140519233589004,14.881459817957841,28.937376972608693,-0.6670204387240681,0.11495115786653765,1.3004897150087953,2.08058760914083
3,0.6,107.3387033587464,210.7285714285715,7.578989999896631,18.8174992011928,11.445394607176363,18.826487376689805,14.75446094278301,28.966126656848317,1.041785566996102,2.586597828342654,1.5690603053361034,2.587317701428273
3,0.8,127.13915219938224,210.78048780487802,9.193324928269623,18.214609800363057,9.601570380575726,18.370806603176682,17.476172123626423,28.97326292850557,1.263687275363519,2.503726433039597,1.316255920600504,2.525045039893379
3,1.0,127.03719794769944,210.62264150943395,9.040605313980446,18.116634553628796,9.52713589459323,18.404709625773112,17.462157793498204,28.951565843221157,1.2426948885196492,2.4902590451723428,1.3054044181595836,2.5294917561264767
3,1.2,127.06032520325203,210.70731707317077,-0.21820663216658437,-0.1752042165992407,0.4162933001678936,0.6375130007256367,17.465336797697873,28.96320509596849,-0.029994038785783335,-0.024083053828074522,0.05424122451858319,0.08273189842594508
3,1.4,127.00822822008229,210.62376237623766,-3.5010209697430588,0.7671421997237826,4.742564269379381,7.788712727028028,17.458175700354953,28.951719914259474,-0.48123999584096633,0.10544909961839831,0.6352874953325335,1.0695693461787588
3,1.6,112.86681448632665,211.08292682926822,-2.6442905731681132,-0.05426631936226626,6.678823884496768,9.220235752775881,15.514338761007101,29.014835302992196,-0.36347636744578776,-0.007459287884845733,0.9027618212760924,1.2666464113189104
3,1.8,113.03095042162163,210.6747572815534,-0.938635112260295,3.3276955602536873,5.04970607492145,9.370766801514991,15.536900401597473,28.958729523237583,-0.1290220085581171,0.4574151972857301,0.6786858672373173,1.286474808929874
3,2.0,113.01918954307219,210.74146341463415,-1.6785245693781314,1.4845141308556247,3.0419812885699353,5.623543878401328,15.535283785989305,28.96789875115246,-0.23072502671864367,0.20405692520352256,0.40848456865883614,0.7729956785696334
3,2.2,125.11297619047622,210.54500000000007,-3.9300567980391605,-0.303339430608389,4.386401260426373,7.941586680890077,17.197659957453777,28.94089347079039,-0.5402139928576136,-0.04169614166437794,0.5935535041200779,1.0874353145169657
3,2.4,122.82475518997256,210.49275362318838,-0.9160392260805448,-0.07072381403418164,7.231371182780031,13.368318652586987,16.883127861164617,28.933711838238956,-0.1259160448220693,-0.009721486465181811,0.984545609203281,1.834960879718972
3,2.6,124.61552441532359,210.69902912621365,-5.445617319903812,0.19495305164317211,11.565715214385952,22.33751327384941,17.12928170657369,28.962065859273352,-0.7485384632170192,0.02679767032895808,1.5830242640589984,3.070422652439744
3,2.8,106.30732694261239,210.66197183098598,2.611462324571084,9.94611201062807,13.06569636560387,28.289136239962033,14.612690988675242,28.956972072987764,0.3589638934118306,1.3671631629729297,1.7800154707567808,3.888516578720855
3,3.0,125.83050466449362,210.53658536585363,-4.135799814036533,-1.9303546661384023,18.228458578727547,33.32581696289832,17.296289300961323,28.93973682004861,-0.5684948197988351,-0.26534084757916054,2.4825435267690144,4.5808322740514
3,3.2,86.74456583980395,209.5408163265306,2.4952670614580583,9.350305518068662,11.310074188452662,30.67443149627823,11.923651661828721,28.802861350725856,0.34299203593925104,1.2852653633084075,1.537644521312135,4.2164000557333905
3,3.4,124.09134615384619,209.54326923076928,-2.37255728673649,-1.2439024390243947,10.124059518936617,17.82290709531743,17.057229711868892,28.80319851969337,-0.3261247129534679,-0.17098315313049864,1.3852672098844678,2.449867881348617
3,3.6,124.40697029245172,209.790243902439,3.852500045922988,6.9396939693969815,4.253120579173854,7.390818940984688,17.10061447318924,28.83714692817031,0.5295532709172504,0.9539098239720941,0.5780072997610052,1.0154012445976994
3,3.8,124.44554455445547,210.0,7.0079923158940876,13.018994325346762,8.966516585770218,13.470107398663759,17.105916777244737,28.8659793814433,0.9632979128376735,1.789552484583748,1.171376920167799,1.8510429561124173
3,4.0,128.29614154338265,210.14146341463413,4.925567545861132,11.755927560699497,9.979612055001072,13.4546513553773,17.635208459571494,28.88542452434833,0.6770539581939703,1.615935059889965,1.3115866856060285,1.8487807370399578
3,4.2,127.3623108199684,208.64736842105265,0.3677406655889581,3.2311635418860347,14.22607580237548,21.97141384780922,17.506846848105624,28.680050642069094,0.05054854509813467,0.4441461913245404,1.8932918148822622,3.0199252717383716
3,4.4,113.6897400042936,208.50259067357513,-6.774495432549661,-1.354024587383643,9.781144399045091,16.431808236315614,15.627455670693278,28.660149920766337,-0.9312021213126673,-0.18612021819706512,1.3426578674191871,2.2584074221583
3,4.6,112.4819667260844,208.61616161616166,-0.28823184324438217,6.404277804239203,10.498924150775357,24.449229786383707,15.461438725234965,28.675761046895072,-0.039619497353180745,0.8803131002390638,1.4404932280045142,3.360596839809883
3,4.8,125.1816188197767,208.58333333333326,0.6474755451183337,1.464243498817994,8.262859135378495,15.840197622508237,17.20709537041604,28.671248568155775,0.08900007493035735,0.2012705840299652,1.1318010616630225,2.1762615843153883
3,5.0,125.05467428087985,208.40101522842633,3.276792709968767,6.619322152340975,5.741047468767113,10.684336057840996,17.189645949261834,28.646187660264786,0.45041824192010776,0.9098724608028835,0.7849355092254475,1.4675972546514906
3,5.2,124.57137865628431,208.5767195767196,0.35037440587672075,0.6573460339755375,2.7264834144856853,4.72259513636655,17.12321356100128,28.67033946071747,0.04816143036106144,0.09035684315814874,0.372069717809781,0.6481003984481247
3,5.4,125.39184346330273,208.609375,0.6692005076884772,1.0556253489670555,2.6672644628255333,4.908206831691158,17.23599222863268,28.67482817869416,0.09198632408089413,0.14510314075148434,0.36497751915232807,0.6721838859614722
3,5.6,125.45619458549294,208.57068062827227,0.12236129273304686,0.24472258546609402,2.9305760003807726,5.719295493843781,17.24483774371037,28.66950936471097,0.016819421681518402,0.03363884336303687,0.40125641233494413,0.7836630126677949
3,5.8,124.64479543192414,208.5767195767196,-0.8871996351028112,-0.24434840425518214,2.1206185266494195,3.9461343015119947,17.133305214010193,28.67033946071747,-0.12195183987667635,-0.0335874095196154,0.28938052853260604,0.5398365680450111
3,6.0,124.85952368224105,208.4627659574469,1.558219757831503,2.9740994693090266,4.479675158579828,8.405891392414434,17.162821124706674,28.65467573298239,0.21418828286343278,0.4088109236163609,0.6148571680715214,1.1553143826785504
3,6.2,126.39112644019184,208.65608465608466,5.08950403692182,10.306874035042968,5.5526633011801545,10.30905109662604,17.37335071342843,28.68124874997727,0.6995881837693219,1.4167524446794448,0.7625162205524344,1.4169261672460918
3,6.4,127.69849785407723,208.5,4.739686100557962,9.404087950299898,5.106989460244388,9.438209518915867,17.553058124271786,28.65979381443299,0.651503244062947,1.292658137498267,0.6982031599234912,1.296136767144587
3,6.6,127.70333534257583,208.5079365079365,2.576194455203049,5.408120832804755,3.0212855880458167,5.457187404763332,17.553723071144443,28.660884743358967,0.35411607631657105,0.7433843069147442,0.40894216477868706,0.7480597784051572
3,6.8,127.93684311331367,208.50264550264546,-0.17503265534609563,0.14993468930773254,1.1720313963936742,1.4852011122194622,17.585820359218374,28.66015745740831,-0.024059471525238824,0.02060957928628591,0.15375175602600236,0.20174181077624373
3,7.0,127.59347826086957,208.20000000000005,-2.5087891765588184,-1.1257486638197625,3.387601965808187,5.4878083244257665,17.53862244135664,28.618556701030933,-0.3448507459187356,-0.15474208437384587,0.4617925229911385,0.7530961870140723
3,7.2,126.19806183664053,207.83248730964465,-2.2537176578078757,-1.5481250180702457,4.199247827654457,6.406171518035425,17.346812623593202,28.56803949273466,-0.30978936877084134,-0.21280068976910357,0.5662313305352445,0.8801436324190605
3,7.4,126.58461251862894,207.57377049180332,-2.4352427813767967,-0.8859649122806924,4.78337154904556,7.429720945139792,17.39994673795587,28.532477043546848,-0.33474127579062446,-0.12178211852655572,0.6370018860275479,1.0209327335549994
3,7.6,126.1323325920435,207.66842105263163,0.5293193463931292,1.400199174847019,3.9584982565640923,4.737385877999489,17.33777767588227,28.545487429915,0.07275867304372853,0.19246724052880074,0.49663612736624446,0.6508131572866976
3,7.8,126.51565344447641,207.6275510204082,0.44256957537328045,0.7284005316792749,3.7514375660250394,4.008091956283483,17.39046782741944,28.539869556069853,0.0608343058932339,0.10012378442326642,0.4550859728980984,0.47995926494233965
3,8.0,126.85015426385291,208.01081081081088,0.8696541037225319,1.8961689939131592,4.296830677465908,4.784214072113919,17.43644732149181,28.592551314200808,0.11954008298591652,0.2606417861049046,0.5368028400506342,0.5504549805611267
3,8.2,126.65412505427702,208.80612244897952,1.0472540057946786,1.6928730556549054,4.568019906453534,4.767330892757166,17.409501725673817,28.70187250157794,0.14395244065906296,0.2326973272377889,0.5751248847151649,0.599980982934519
3,8.4,127.14400584795322,208.64327485380113,-0.9371479446282278,1.2412412412409966,5.118444089674339,6.932049150742656,17.476839291814876,28.679487952412526,-0.1288175868904773,0.17061735274790465,0.6731199211824312,0.9524084592658587
3,8.6,126.28786549707598,208.75555555555547,0.030105720808712377,0.4819611470859491,4.376097393687087,6.566227472535537,17.359156769357526,28.69492172584955,0.004138243410130454,0.06624895492590303,0.574906753969913,0.9024360898271757
3,8.8,126.67218848676225,208.5530726256984,-0.964181286549707,0.24269005847960445,3.197883677434785,5.408671842394909,17.411984671719896,28.667089020714556,-0.13253351017865675,0.033359458210249694,0.4376199463186119,0.743429885262067
3,9.0,126.5654970760234,208.7888888888889,-6.170917268634951,-0.4164562289561961,8.22547956034104,15.163250775187938,17.397319185707683,28.699503627338675,-0.8482360506714708,-0.057244842468205416,1.1282434071834402,2.0842508670583317
3,9.2,109.80354342393002,208.50568181818176,-2.035947233519712,-0.018621973929385388,10.367193852258707,25.3845742598463,15.093270573736087,28.660574820368627,-0.2798552898308886,-0.002559721502321484,1.4193381164178691,3.4891381290046746
3,9.4,126.15483597659454,208.54189944134077,-7.233773594614644,-0.4100529100528189,19.456128824266827,37.73924153213338,17.340870924617807,28.665553187813163,-0.9943331401532123,-0.05636466117563813,2.6625379614858757,5.187197697741149
3,9.6,108.39459972394756,208.5428571428572,0.33568861742413114,0.519101731601947,11.221471250363441,26.27296078988982,14.899601336625095,28.665684830633293,0.0461427652816663,0.07135418991091744,1.5351847472818358,3.6111022183931465
3,9.8,109.42051214994008,208.81714285714293,-5.445668475029623,0.688108539505375,10.720466382630292,21.64933563630783,15.040620226795888,28.703387334315178,-0.7485454948494327,0.09458536625503497,1.4688321643150186,2.975577384812504
4,0.0,144.45466903026102,330.9620253164557,25.756671241104794,63.33180240865488,31.282043686532884,63.44283328406701,19.687178062045795,45.10555711297523,3.510278874426546,8.631250754160806,4.145811843845732,8.640984620970068
4,0.2,178.5256194681804,368.671875,40.50282717895094,90.58059818130157,47.218625428197974,91.0558061967957,24.330578462443665,50.24488926746167,5.519976446875764,12.344885612443145,6.269803696439023,12.386586992203283
4,0.4,199.15725777603222,400.29896907216494,60.118752752146094,142.31225296442668,71.81288052901334,142.87531523257806,27.14238606828378,54.55522576792708,8.193356422779706,19.39519631542443,9.415288215003244,19.444599636057518
4,0.6,211.26854234040255,425.46305418719214,66.93105004356643,145.69250606796118,78.23451464567898,150.43733772636622,28.792987031059972,57.984743330452076,9.12177854086084,19.85587816939844,10.307342874815333,20.275647610037808
4,0.8,225.6738016109173,456.0873786407767,74.87780490307497,158.06158876322021,87.25027048463228,160.90969785922897,30.756225091777488,62.15841616910074,10.204811571117542,21.54161346006408,11.470694626664766,21.792173782901813
4,1.0,244.08394071787723,495.13592233009706,82.07502731446817,174.49428370992246,93.8433770491634,179.28860720380774,33.2652730109543,67.48019384396552,11.185693671477777,23.781163026905954,12.2921224683763,24.20401876335249
4,1.2,260.51355872908346,530.1596244131456,81.14815238820438,167.07127483315526,96.4956093898892,175.3356687905157,35.50440323394664,72.25344114659565,11.059373408954599,22.769509346937692,12.505506984922238,23.50141565633605
4,1.4,274.36269304383995,556.3301435406698,79.11158480962197,129.49983094237552,98.5109935931253,157.70264220423687,37.391849137150245,75.82012177726335,10.781817350544735,17.649039992146594,12.67378703779101,19.40561357005399
4,1.6,294.770140457355,572.8358208955224,82.93496302564974,128.77735469187672,100.88798173176235,148.64071440076597,40.17310261769745,78.06961783925348,11.302891042677988,17.55057644863736,13.064177361126053,18.9291305775979
4,1.8,334.48123749440794,580.9864864864865,85.89370139025475,138.63963895631053,102.65557218315612,146.4238531239289,45.58517717129921,79.1804410884479,11.706126254208483,18.894669704437554,13.376762903504012,19.42930003833264
4,2.0,282.7147846250986,546.1818181818182,82.58113673755462,137.9827688651219,93.236929292877,139.63965277163405,38.53012396934905,74.43704506736874,11.254669402051732,18.805147375144358,12.260348422423277,18.95131466951085
4,2.2,283.62058683457605,575.1818181818182,83.76176771503025,145.3002244668914,88.76576556881888,145.37797986231232,38.65357231135619,78.389344897011,11.415573112780951,19.802415600257774,11.875410608547,19.809231436994796
4,2.4,253.89230443548539,463.2903225806452,86.99104598980983,108.36112594702587,91.50260047329937,116.223177798604,34.60201764027058,63.14007803484091,11.855679180894015,14.768126193802482,12.263629342728118,15.469864481670394
4,2.6,273.4239333462028,484.520325203252,88.16133749036305,97.9079939668175,91.85299913854385,108.29816350445786,37.26390914428658,66.0334344399662,12.015173763592921,13.343508547436798,12.344042903777272,14.270329090584712
4,2.8,287.9238507709202,500.7153846153846,86.5769911000974,99.48384338158932,91.03853804240346,102.94607972866687,39.24004780523614,68.24059756257371,11.799249212960463,13.558275077559024,12.198101095871378,13.765099281783002
4,3.0,345.81667269413964,585.6857142857143,65.68977599649898,89.48891668403877,77.7632293790641,99.5762657055562,47.13004057160335,79.82088099294232,8.952610016558632,12.196104488455028,10.207860295192974,13.09691253521016
4,3.2,356.1703576177225,582.4395604395604,53.110203870333585,84.3607658107252,72.63280663935892,95.62608981794979,48.54110495641874,79.37847501731657,7.2381879209994695,11.497208287662723,9.342553184836886,12.431796251408693
4,3.4,362.2154957904903,575.816091954023,42.38316811207199,78.95660434716527,64.51237679736663,94.61693876779971,49.36497387263922,78.47578765983279,5.776240969277269,10.760695652083852,8.117486629922592,12.187394664724765
4,3.6,371.24657356138283,577.2592592592592,40.75548328766736,85.1551178361223,57.61489283822035,105.58628211758283,50.59578515316972,78.67247144930279,5.554409988097767,11.605467507478338,7.279475831892441,13.467464934717066
4,3.8,380.62364759032295,582.9027777777778,45.01232330317308,85.64744320340384,56.63046122216546,106.26367507619682,51.8737509492774,79.44160514858983,6.134558542170096,11.672564661451972,7.223913573778171,13.551392732766923
4,4.0,389.2228897723941,584.6938775510205,43.02599191262663,85.9010284749404,51.90373234945486,98.62650126647749,53.04570899794128,79.6857073323367,5.863848982981486,11.707124834744851,6.694270609560384,12.852510058663908
4,4.2,397.0621687089588,586.0714285714286,39.309044138331785,82.71547542708686,51.74086204046099,91.56785679885718,54.11409454295862,79.87344852762229,5.35728029142512,11.272977911698378,6.617300078166784,12.063597541011353
4,4.4,404.20907407332203,584.875,32.47131409129235,78.92118798739007,44.72209979884292,85.41178777944744,55.08811912413248,79.71039182282794,4.425392039699125,10.755868890956052,5.727003560509844,11.332761552280894
4,4.6,408.7056782271696,585.0333333333333,33.58936551062706,79.88611634992017,49.56937644814102,79.93857094537043,55.70094422176076,79.73197047132311,4.577767020187672,10.887375311743797,6.387883435064933,10.891974382510474
4,4.8,417.215788015335,585.8125,39.4566582315127,107.02631202631198,49.76379412441485,107.07510810964179,56.86075475507122,79.8381601362862,5.37739805540207,14.58620947547692,6.560802144445124,14.590487869747411
4,5.0,427.88306901222967,585.8125,50.42559671815344,130.89881444720143,58.378464141276076,130.91482167047326,58.31455795737372,79.8381601362862,6.87231301099195,17.83970213931194,7.772731222695969,17.841105086335542
4,5.2,438.96103625806165,585.8125,48.34826157756402,106.29995118949076,54.0445786608847,106.34381507159412,59.824332028355926,79.8381601362862,6.58920089643122,14.4872165164553,7.210145147906346,14.491061445211047
4,5.4,446.2247449618735,581.8440860215054,42.02420146646444,102.19223985890665,51.084023765205124,102.38334470971641,60.81427529292995,79.297320071074,5.727318768853757,13.927392144314368,6.805143752303829,13.944149997950595
4,5.6,453.0975898921083,578.9647887323944,37.1499170563311,106.8717809704528,49.99240345013053,107.18914070865911,61.75094921868598,78.90491158192769,5.0630210638952144,14.565149024933946,6.557421541344529,14.592978466844926
4,5.8,461.25098649186026,579.2222222222222,43.08889429565503,137.36584502889502,54.45805770124404,137.78763665868954,62.862144666693055,78.93999621427218,5.872421709799658,18.721069169185014,7.157643290335803,18.75805589573454
4,6.0,472.07808153926646,584.4716981132076,45.41189208138787,141.8599404001702,57.68865024967174,142.15389719674462,64.33772831880974,79.65542734081194,6.189014253000046,19.333552354367313,7.564496806318407,19.359327101618785
4,6.2,462.9379326808382,584.4239130434783,47.60821732916255,147.14393449687554,57.25190898163917,147.2993515608063,63.09205215411763,79.64891489519295,6.488343077228284,20.053687836030743,7.680294374701695,20.067314284598776
4,6.4,470.1540442676308,585.6363636363636,37.82307733484774,129.67534554805528,47.51683651069029,129.70254415761752,64.07550858843351,79.81415518042434,5.154763520933248,17.672960210978562,6.357151310263933,17.67534410720375
4,6.6,474.65940818180417,585.4130434782609,25.78988382161063,116.67722261318322,40.61334208188426,116.68205193751233,64.68952752051847,79.78371972446486,3.5148052908498353,15.901495415766036,5.222339481333037,15.901918669367296
4,6.8,478.0017698023609,584.8375,18.661669515351427,73.85433715220954,29.88233927427986,73.860000890049,65.14504528822636,79.7052810902896,2.543328042978041,10.065327039483412,3.783104653242106,10.065823423047602
4,7.0,481.26152898576606,584.6172839506173,15.637473035219672,50.16958134605199,28.096911529433914,50.17126076734046,65.58930548357971,79.67526868151513,2.131171793556342,6.83742164852496,3.507780920552363,6.837568835855752
4,7.2,484.04189200293604,584.8783783783783,14.897708311977611,61.68701077268844,32.70258717296457,64.13466956389142,65.96823059665226,79.71085224918274,2.0303520697754864,8.40708835062194,3.955797172814026,8.623691711570066
4,7.4,486.9403947895474,585.2297297297298,14.78800239226196,74.21881627144792,37.54075084278092,75.21289583437235,66.36325653009165,79.75873659008244,2.015400666747794,10.115000513996302,4.531532083902977,10.20247350596209
4,7.6,490.1343304211232,586.1764705882354,15.38717593533928,80.9002732240438,40.188902950359356,81.51758178277639,66.79854588362838,79.88776430504059,2.0970597526867842,11.02559089935861,4.83413570748864,11.079884710856142
4,7.8,494.9602514545685,584.8157894736842,28.059525755943266,83.4272245597632,39.945609935908365,83.58977773372189,67.4562523277095,79.70232224513583,3.824126167760575,11.369979497071638,5.026158830499348,11.384235423264476
4,8.0,501.4490103405898,584.875,27.14624370576898,76.93237125070742,37.5296766740737,78.26932832351062,68.34058062563403,79.71039182282794,3.6996584266806223,10.484820613384322,4.721103749439634,10.602870790839765
4,8.2,480.0619061171123,583.3272727272727,31.501733066170996,72.4184027777776,39.61400938846946,74.19528656399866,65.4258134401516,79.49945795260956,4.293251525202179,9.869628998674957,5.077778077620358,10.026421273880983
4,8.4,483.9094452878992,584.025,23.35285494590777,56.88452060931917,27.089100150284406,58.52839954934722,65.95017993702203,79.59454855195911,3.1826718835990255,7.752575210810122,3.540650626516102,7.897701699934683
4,8.6,487.652060088331,584.025,24.367951529345287,61.36967396929426,26.06157658511312,61.862154218919954,66.46024669006215,79.59454855195911,3.32101554062627,8.36383972324282,3.5136622772876343,8.407188502869484
4,8.8,494.6826770347195,583.2340425531916,26.262602104314983,68.2652889784947,29.59855004619173,69.00137648476901,67.41842276452736,79.48675196636341,3.579230269753323,9.303616896558061,3.989363046724966,9.368440888690548
4,9.0,499.66700655048817,581.875,28.69587314131586,77.10523101619195,34.36594060839309,82.23744266176621,68.09771809887403,79.3015332197615,3.9108515354433884,10.508379014131775,4.54157353819864,10.969887073209073
4,9.2,504.86958397312054,582.1509433962265,29.290850370779555,74.87720340661518,37.28863806800376,82.1880883756592,68.80675761132818,79.33914049693036,3.9919387217416844,10.204729595450132,4.912462714793729,10.859905097454359
4,9.4,512.2571872571872,583.070707070707,38.635290650724464,75.10956337569232,45.88360987809644,85.01039896164411,69.81358599757237,79.46449159396349,5.265456988173695,10.236397052905264,6.048866069074772,11.125311229495438
4,9.6,485.22596153846155,583.0769230769231,32.97712011928677,63.6392910368319,40.81023947583954,66.8158475243215,66.1296029353951,79.46533874983619,4.49432642170858,8.673157211152558,5.472113575963198,8.95597090981152
4,9.8,403.4303278688525,403.4303278688525,73.76812736443884,73.76812736443884,78.0183520652519,78.0183520652519,54.981986762364905,54.981986762364905,10.053577835017226,10.053577835017226,10.432509503911104,10.432509503911104
