physical_vial_index,assay_tube_index,bbox_x,bbox_y,bbox_w,bbox_h,center_x_px,center_y_px,area_px,frame_index,time_s,x_from_left_px,x_from_left_mm,y_from_base_px,y_from_base_mm,distance_from_base_px,distance_from_base_mm,relative_x,relative_height,threshold_used
1,1,146,307,2,6,146.45454545454547,309.27272727272725,11,0,0.0,16.454545454545467,,479.72727272727275,,479.72727272727275,,0.08186341022161923,0.8062643239113828,8.64
2,2,379,772,5,3,380.90909090909093,772.8181818181819,11,0,0.0,19.909090909090935,,11.18181818181813,,11.18181818181813,,0.10423607805806773,0.01901669758812607,8.64
3,3,653,203,14,19,659.0479041916168,211.33532934131736,167,0,0.0,84.0479041916168,,564.6646706586827,,564.6646706586827,,0.44004138320218217,0.9603140657460589,20.0
3,3,676,397,12,20,681.2977528089888,406.4438202247191,178,0,0.0,106.29775280898878,,369.5561797752809,,369.5561797752809,,0.5565327372198365,0.6284969043797294,20.0
3,3,663,561,20,46,672.3709327548806,582.590021691974,461,0,0.0,97.37093275488064,,193.40997830802598,,193.40997830802598,,0.5097954594496369,0.3289285345374592,20.0
3,3,618,640,16,23,624.876,650.828,250,0,0.0,49.875999999999976,,125.17200000000003,,125.17200000000003,,0.2611308900523559,0.2128775510204082,20.0
1,1,146,307,2,6,146.45454545454547,309.27272727272725,11,1,0.2,16.454545454545467,,479.72727272727275,,479.72727272727275,,0.08186341022161923,0.8062643239113828,8.64
2,2,380,771,4,4,381.3636363636364,772.5454545454545,11,1,0.2,20.363636363636374,,11.454545454545496,,11.454545454545496,,0.10661589719181348,0.01948051948051955,8.64
3,3,670,188,12,12,675.3035714285714,192.86607142857142,112,1,0.2,100.30357142857144,,583.1339285714286,,583.1339285714286,,0.5251495886312642,0.9917243683187561,19.0
3,3,679,408,11,20,683.741935483871,417.51075268817203,186,1,0.2,108.74193548387098,,358.48924731182797,,358.48924731182797,,0.569329505151157,0.6096755906663741,19.0
3,3,657,545,15,25,664.0849420849421,556.8069498069499,259,1,0.2,89.0849420849421,,219.1930501930501,,219.1930501930501,,0.4664133093452466,0.3727772962466839,19.0
3,3,669,588,11,21,674.119170984456,597.7875647668393,193,1,0.2,99.11917098445599,,178.2124352331607,,178.2124352331607,,0.5189485391856334,0.3030823728455114,19.0
3,3,616,630,14,25,621.9961977186312,641.8326996197718,263,1,0.2,46.99619771863115,,134.1673003802282,,134.1673003802282,,0.24605339119702174,0.22817568091875545,19.0
3,3,594,243,8,13,597.2359550561798,248.69662921348316,89,2,0.4,22.23595505617982,,527.3033707865168,,527.3033707865168,,0.1164186128595802,0.8967744401131238,20.0
3,3,680,412,11,19,684.5384615384615,420.7041420118343,169,2,0.4,109.53846153846155,,355.2958579881657,,355.2958579881657,,0.5734997986306888,0.6042446564424587,20.0
3,3,648,527,17,23,655.8203125,537.953125,256,2,0.4,80.8203125,,238.046875,,238.046875,,0.42314299738219896,0.40484162414965985,20.0
3,3,668,591,11,21,672.7430167597765,600.1173184357542,179,2,0.4,97.74301675977654,,175.8826815642458,,175.8826815642458,,0.5117435432449033,0.2991202067419146,20.0
3,3,617,626,13,24,622.5787401574803,637.4763779527559,254,2,0.4,47.5787401574803,,138.5236220472441,,138.5236220472441,,0.24910335160984448,0.2355843912368097,20.0
1,1,146,206,3,5,146.6,207.8,10,3,0.6,16.599999999999994,,581.2,,581.2,,0.08258706467661689,0.9768067226890758,8.64
3,3,594,242,9,14,597.8105263157895,248.16842105263157,95,3,0.6,22.810526315789502,,527.8315789473684,,527.8315789473684,,0.11942683934968326,0.8976727533118509,19.0
3,3,679,411,12,20,684.2139037433155,420.4545454545455,187,3,0.6,109.21390374331554,,355.5454545454545,,355.5454545454545,,0.5718005431587201,0.604669140383426,19.0
3,3,641,515,17,23,648.8196078431372,525.8941176470588,255,3,0.6,73.81960784313719,,250.1058823529412,,250.1058823529412,,0.38649009341956647,0.42535014005602245,19.0
3,3,661,597,15,20,667.7371134020618,605.7371134020618,194,3,0.6,92.73711340206182,,170.26288659793818,,170.26288659793818,,0.48553462514168494,0.28956273230941865,19.0
3,3,617,622,13,25,623.0143369175627,634.3835125448029,279,3,0.6,48.01433691756267,,141.6164874551971,,141.6164874551971,,0.2513839629191763,0.24084436642040324,19.0
3,3,595,235,9,14,599.1914893617021,240.98936170212767,94,4,0.8,24.19148936170211,,535.0106382978723,,535.0106382978723,,0.12665701236493251,0.9098820379215515,19.0
3,3,680,414,12,20,685.1843575418994,423.01675977653633,179,4,0.8,110.18435754189943,,352.98324022346367,,352.98324022346367,,0.5768814530989499,0.6003116330331014,19.0
3,3,631,503,18,22,639.4782608695652,513.4189723320158,253,4,0.8,64.47826086956525,,262.58102766798424,,262.58102766798424,,0.3375825176417029,0.4465663735850072,19.0
3,3,650,598,20,12,659.5368421052632,603.3842105263158,190,4,0.8,84.53684210526319,,172.61578947368423,,172.61578947368423,,0.442601267566823,0.29356426781238815,19.0
3,3,618,610,15,24,624.8534798534798,621.5238095238095,273,4,0.8,49.853479853479826,,154.47619047619048,,154.47619047619048,,0.2610129835260724,0.26271460965338517,19.0
1,1,146,199,3,11,146.6086956521739,204.0,23,5,1.0,16.608695652173907,,585.0,,585.0,,0.08263032662773089,0.9831932773109243,8.64
3,3,595,226,8,13,598.3214285714286,231.76190476190476,84,5,1.0,23.321428571428555,,544.2380952380952,,544.2380952380952,,0.12210172026925944,0.9255749919015224,19.0
3,3,681,415,12,21,686.3191489361702,424.9308510638298,188,5,1.0,111.31914893617022,,351.0691489361702,,351.0691489361702,,0.5828227692993205,0.597056375741786,19.0
3,3,623,495,17,21,630.5879828326181,505.0085836909871,233,5,1.0,55.58798283261808,,270.9914163090129,,270.9914163090129,,0.291036559333079,0.46086975562757293,19.0
3,3,647,593,20,14,655.8963730569948,599.1502590673575,193,5,1.0,80.89637305699478,,176.84974093264248,,176.84974093264248,,0.42354122019368995,0.3007648655317049,19.0
3,3,622,595,15,24,629.3357933579335,606.1771217712177,271,5,1.0,54.33579335793354,,169.82287822878232,,169.82287822878232,,0.28448059349703425,0.2888144187564325,19.0
3,3,595,209,8,15,598.4134615384615,215.7403846153846,104,6,1.2,23.413461538461547,,560.2596153846154,,560.2596153846154,,0.12258356826419659,0.9528224751439037,19.0
3,3,683,418,12,20,688.6994535519126,427.30601092896177,183,6,1.2,113.6994535519126,,348.69398907103823,,348.69398907103823,,0.5952850971304324,0.5930169882160514,19.0
3,3,620,491,17,21,627.5714285714286,500.89285714285717,224,6,1.2,52.571428571428555,,275.10714285714283,,275.10714285714283,,0.27524308152580396,0.4678692905733722,19.0
3,3,625,579,14,24,631.8689138576779,590.1985018726591,267,6,1.2,56.86891385767785,,185.8014981273409,,185.8014981273409,,0.29774300449046,0.3159889423934369,19.0
3,3,646,591,20,14,654.7105263157895,597.3210526315789,190,6,1.2,79.71052631578948,,178.67894736842106,,178.67894736842106,,0.4173325985119868,0.30387576083064805,19.0
1,1,146,200,2,13,146.48,205.76,25,7,1.4,16.47999999999999,,583.24,,583.24,,0.08199004975124373,0.9802352941176471,8.64
3,3,596,195,9,18,599.4615384615385,203.2905982905983,117,7,1.4,24.461538461538453,,572.7094017094017,,572.7094017094017,,0.1280708819975835,0.9739955811384383,20.0
3,3,684,419,11,19,689.1470588235294,427.77647058823527,170,7,1.4,114.14705882352939,,348.22352941176473,,348.22352941176473,,0.5976285802279026,0.592216886754702,20.0
3,3,610,476,15,20,616.6602870813397,485.57416267942585,209,7,1.4,41.660287081339675,,290.42583732057415,,290.42583732057415,,0.21811668628973652,0.49392149204179275,20.0
3,3,623,564,14,24,629.008,575.684,250,7,1.4,54.00800000000004,,200.31600000000003,,200.31600000000003,,0.28276439790575936,0.34067346938775517,20.0
3,3,643,583,17,15,650.8361581920904,589.6271186440679,177,7,1.4,75.83615819209035,,186.37288135593212,,186.37288135593212,,0.39704794864968773,0.3169606825781159,20.0
1,1,146,203,2,8,146.46666666666667,206.26666666666668,15,8,1.6,16.46666666666667,,582.7333333333333,,582.7333333333333,,0.08192371475953567,0.9793837535014006,8.64
1,1,146,235,2,7,146.46153846153845,237.76923076923077,13,8,1.6,16.461538461538453,,551.2307692307693,,551.2307692307693,,0.08189820130118633,0.9264382676147382,8.64
3,3,595,188,10,10,599.4533333333334,191.65333333333334,75,8,1.6,24.453333333333376,,584.3466666666667,,584.3466666666667,,0.12802792321116951,0.9937868480725625,20.0
3,3,684,419,12,20,689.3372093023256,428.0406976744186,172,8,1.6,114.33720930232562,,347.9593023255814,,347.9593023255814,,0.598624132472909,0.5917675209618731,20.0
3,3,607,467,13,20,612.8235294117648,476.58288770053474,187,8,1.6,37.82352941176475,,299.41711229946526,,299.41711229946526,,0.19802894979981545,0.5092127760194988,20.0
3,3,622,558,14,25,627.87890625,569.953125,256,8,1.6,52.87890625,,206.046875,,206.046875,,0.27685291230366493,0.35041985544217685,20.0
3,3,637,575,19,15,646.1032608695652,581.8804347826087,184,8,1.6,71.10326086956525,,194.11956521739125,,194.11956521739125,,0.3722683815160484,0.33013531499556337,20.0
1,1,146,203,2,8,146.46666666666667,206.26666666666668,15,9,1.8,16.46666666666667,,582.7333333333333,,582.7333333333333,,0.08192371475953567,0.9793837535014006,8.64
1,1,146,241,2,7,146.46153846153845,243.76923076923077,13,9,1.8,16.461538461538453,,545.2307692307693,,545.2307692307693,,0.08189820130118633,0.9163542340012929,8.64
3,3,684,420,12,19,689.3941176470588,428.4176470588235,170,9,1.8,114.3941176470588,,347.5823529411765,,347.5823529411765,,0.5989220819217739,0.5911264505802322,20.0
3,3,602,455,12,19,607.1761363636364,463.66477272727275,176,9,1.8,32.176136363636374,,312.33522727272725,,312.33522727272725,,0.16846144693003337,0.5311823593073592,20.0
3,3,621,547,13,24,626.9460580912863,558.6016597510373,241,9,1.8,51.94605809128632,,217.39834024896265,,217.39834024896265,,0.2719688905302949,0.36972506845061676,20.0
3,3,638,563,12,20,643.3142857142857,572.5314285714286,175,9,1.8,68.31428571428569,,203.4685714285714,,203.4685714285714,,0.3576664173522811,0.34603498542274047,20.0
3,3,684,420,12,19,689.5934065934066,428.7032967032967,182,10,2.0,114.5934065934066,,347.2967032967033,,347.2967032967033,,0.5999654795466314,0.5906406518651417,19.0
3,3,599,444,11,17,603.9108280254777,451.97452229299364,157,10,2.0,28.910828025477713,,324.02547770700636,,324.02547770700636,,0.1513655917564278,0.5510637375969496,19.0
3,3,621,540,13,24,627.0511811023622,551.3385826771653,254,10,2.0,52.05118110236219,,224.66141732283472,,224.66141732283472,,0.2725192727872366,0.382077240344957,19.0
3,3,640,549,11,22,644.975,559.145,200,10,2.0,69.97500000000002,,216.85500000000002,,216.85500000000002,,0.36636125654450274,0.3688010204081633,19.0
1,1,146,208,2,14,146.46153846153845,214.42307692307693,26,11,2.2,16.461538461538453,,574.5769230769231,,574.5769230769231,,0.08189820130118633,0.9656755009696186,8.64
1,1,146,242,2,7,146.46153846153845,244.76923076923077,13,11,2.2,16.461538461538453,,544.2307692307693,,544.2307692307693,,0.08189820130118633,0.9146735617323853,8.64
3,3,689,424,13,21,694.9246231155779,434.29145728643215,199,11,2.2,119.9246231155779,,341.70854271356785,,341.70854271356785,,0.6278776079349628,0.5811369774040269,18.0
3,3,599,435,11,18,603.7070063694267,443.3312101910828,157,11,2.2,28.707006369426722,,332.6687898089172,,332.6687898089172,,0.1502984626671556,0.565763247974349,18.0
3,3,621,530,13,24,627.2625482625483,541.2316602316603,259,11,2.2,52.26254826254831,,234.76833976833973,,234.76833976833973,,0.2736259071337608,0.3992658839597614,18.0
3,3,642,537,12,21,647.2198952879581,546.5968586387435,191,11,2.2,72.21989528795814,,229.40314136125653,,229.40314136125653,,0.37811463501548764,0.39014139687288524,18.0
3,3,688,764,8,13,691.5625,769.375,80,11,2.2,116.5625,,6.625,,6.625,,0.6102748691099477,0.011267006802721089,18.0
1,1,146,207,2,16,146.48387096774195,214.25806451612902,31,12,2.4,16.48387096774195,,574.741935483871,,574.741935483871,,0.08200930829722364,0.9659528327460016,8.64
1,1,146,242,2,6,146.45454545454547,244.27272727272728,11,12,2.4,16.454545454545467,,544.7272727272727,,544.7272727272727,,0.08186341022161923,0.9155080213903743,8.64
2,2,378,782,5,3,379.5833333333333,783.0833333333334,12,12,2.4,18.583333333333314,,0.9166666666666288,,0.9166666666666288,,0.09729493891797547,0.0015589569160997087,8.64
3,3,599,427,10,18,603.1398601398602,434.8951048951049,143,12,2.4,28.13986013986016,,341.1048951048951,,341.1048951048951,,0.14732911067989612,0.5801103658246515,18.0
3,3,690,430,13,20,696.0942408376964,439.04188481675396,191,12,2.4,121.09424083769636,,336.95811518324604,,336.95811518324604,,0.6340012609303475,0.5730580190191259,18.0
3,3,643,518,11,23,648.1684210526316,528.6473684210526,190,12,2.4,73.16842105263163,,247.35263157894735,,247.35263157894735,,0.38308073849545354,0.4206677407805227,18.0
3,3,621,526,14,24,627.3023255813954,537.0232558139535,258,12,2.4,52.302325581395394,,238.97674418604652,,238.97674418604652,,0.27383416534761984,0.4064230343300111,18.0
3,3,690,745,9,17,693.5739130434782,752.7565217391304,115,12,2.4,118.57391304347823,,23.24347826086955,,23.24347826086955,,0.6208058274527656,0.03952972493345162,18.0
3,3,653,763,11,14,657.3414634146342,769.9512195121952,123,12,2.4,82.34146341463418,,6.048780487804834,,6.048780487804834,,0.43110713829651404,0.010287041645926588,18.0
1,1,146,207,2,17,146.4848484848485,214.75757575757575,33,13,2.6,16.4848484848485,,574.2424242424242,,574.2424242424242,,0.08201417156641044,0.9651133180544945,8.64
1,1,146,271,2,8,146.46666666666667,274.26666666666665,15,13,2.6,16.46666666666667,,514.7333333333333,,514.7333333333333,,0.08192371475953567,0.8650980392156863,8.64
1,1,146,301,2,6,146.45454545454547,303.27272727272725,11,13,2.6,16.454545454545467,,485.72727272727275,,485.72727272727275,,0.08186341022161923,0.8163483575248281,8.64
2,2,378,781,5,4,379.8,782.0666666666667,15,13,2.6,18.80000000000001,,1.9333333333332803,,1.9333333333332803,,0.0984293193717278,0.003287981859410341,8.64
3,3,598,417,10,18,602.4864864864865,425.3175675675676,148,13,2.6,27.486486486486456,,350.6824324324324,,350.6824324324324,,0.14390830621197098,0.5963986946129802,18.0
3,3,690,431,13,19,696.1891891891892,440.2810810810811,185,13,2.6,121.18918918918916,,335.7189189189189,,335.7189189189189,,0.6344983727182679,0.5709505423791138,18.0
3,3,650,503,11,21,654.8324324324324,512.545945945946,185,13,2.6,79.83243243243237,,263.45405405405404,,263.45405405405404,,0.4179708504315831,0.4480511123368266,18.0
3,3,621,522,14,25,627.5440613026819,533.6513409961685,261,13,2.6,52.54406130268194,,242.34865900383147,,242.34865900383147,,0.2750997973962405,0.4121575833398494,18.0
3,3,690,722,9,16,693.9243697478992,729.5546218487395,119,13,2.6,118.92436974789916,,46.445378151260456,,46.445378151260456,,0.6226406793083726,0.07898873835248377,18.0
3,3,658,750,14,20,664.3523316062176,758.720207253886,193,13,2.6,89.3523316062176,,17.279792746114026,,17.279792746114026,,0.4678132544828147,0.029387402629445624,18.0
1,1,146,207,2,17,146.4848484848485,214.75757575757575,33,14,2.8,16.4848484848485,,574.2424242424242,,574.2424242424242,,0.08201417156641044,0.9651133180544945,8.64
1,1,146,272,3,5,146.72727272727272,273.72727272727275,11,14,2.8,16.72727272727272,,515.2727272727273,,515.2727272727273,,0.0832202623247399,0.8660045836516425,8.64
3,3,598,406,10,19,602.2064516129033,414.43225806451613,155,14,2.8,27.206451612903265,,361.56774193548387,,361.56774193548387,,0.14244215504137836,0.6149111257406188,17.0
3,3,694,437,15,18,700.6041666666666,445.4791666666667,192,14,2.8,125.60416666666663,,330.5208333333333,,330.5208333333333,,0.657613438045375,0.562110260770975,17.0
3,3,655,487,12,21,660.6428571428571,497.1224489795918,196,14,2.8,85.64285714285711,,278.8775510204082,,278.8775510204082,,0.44839192221391155,0.47428154935443567,17.0
3,3,614,511,15,22,621.0485829959514,521.0607287449393,247,14,2.8,46.04858299595139,,254.9392712550607,,254.9392712550607,,0.24109205757042615,0.4335701892092869,17.0
3,3,692,702,10,18,696.5338345864661,710.406015037594,133,14,2.8,121.53383458646613,,65.59398496240601,,65.59398496240601,,0.6363027988820216,0.11155439619456804,17.0
3,3,664,748,19,16,672.7420814479638,755.2352941176471,221,14,2.8,97.74208144796376,,20.764705882352928,,20.764705882352928,,0.5117386463244176,0.035314125650260084,17.0
1,1,146,206,2,18,146.4857142857143,214.25714285714287,35,15,3.0,16.485714285714295,,574.7428571428571,,574.7428571428571,,0.08201847903340445,0.9659543817527011,8.64
3,3,599,388,10,19,603.0204081632653,396.78231292517006,147,15,3.0,28.0204081632653,,379.21768707482994,,379.21768707482994,,0.14670370766107488,0.6449280392429081,17.0
3,3,708,451,15,19,714.9226804123712,460.0154639175258,194,15,3.0,139.92268041237116,,315.9845360824742,,315.9845360824742,,0.7325794785988019,0.537388666806929,17.0
3,3,665,473,15,19,671.4526315789474,481.36315789473684,190,15,3.0,96.45263157894738,,294.63684210526316,,294.63684210526316,,0.5049875998897768,0.5010830648048693,17.0
3,3,607,488,14,24,613.5450819672132,499.6516393442623,244,15,3.0,38.54508196721315,,276.3483606557377,,276.3483606557377,,0.20180671187022592,0.4699802051968328,17.0
3,3,694,677,10,18,698.1388888888889,685.1736111111111,144,15,3.0,123.13888888888891,,90.82638888888891,,90.82638888888891,,0.6447062245491566,0.15446664777021923,17.0
3,3,678,750,20,14,687.2119815668202,756.2857142857143,217,15,3.0,112.21198156682021,,19.714285714285666,,19.714285714285666,,0.5874972856901581,0.03352769679300283,17.0
1,1,146,206,2,17,146.4848484848485,213.75757575757575,33,16,3.2,16.4848484848485,,575.2424242424242,,575.2424242424242,,0.08201417156641044,0.9667939903234021,8.64
3,3,599,370,9,20,602.7933333333333,379.02666666666664,150,16,3.2,27.793333333333294,,396.97333333333336,,396.97333333333336,,0.14551483420593347,0.675124716553288,17.0
3,3,674,458,15,20,680.9346733668342,467.49748743718595,199,16,3.2,105.9346733668342,,308.50251256281405,,308.50251256281405,,0.5546317977321162,0.5246641370115885,17.0
3,3,719,466,15,19,725.7434554973822,475.0890052356021,191,16,3.2,150.74345549738223,,300.9109947643979,,300.9109947643979,,0.7892327512951949,0.511753392456459,17.0
3,3,606,475,13,23,612.1008403361344,485.60504201680675,238,16,3.2,37.10084033613441,,290.39495798319325,,290.39495798319325,,0.19424523736196025,0.4938689761618933,17.0
3,3,691,661,10,19,695.2333333333333,669.64,150,16,3.2,120.23333333333335,,106.36000000000001,,106.36000000000001,,0.6294938917975568,0.1808843537414966,17.0
3,3,680,751,20,13,688.8056872037914,756.8151658767772,211,16,3.2,113.80568720379142,,19.1848341232228,,19.1848341232228,,0.5958412942606881,0.03262726891704558,17.0
1,1,146,205,4,19,147.14285714285714,213.16071428571428,56,17,3.4,17.14285714285714,,575.8392857142858,,575.8392857142858,,0.08528784648187632,0.9677971188475392,8.64
1,1,146,237,3,4,146.8,238.5,10,17,3.4,16.80000000000001,,550.5,,550.5,,0.08358208955223886,0.9252100840336135,8.64
1,1,146,250,2,7,146.46153846153845,252.76923076923077,13,17,3.4,16.461538461538453,,536.2307692307693,,536.2307692307693,,0.08189820130118633,0.9012281835811249,8.64
3,3,600,353,9,19,603.8260869565217,361.2463768115942,138,17,3.4,28.82608695652175,,414.7536231884058,,414.7536231884058,,0.15092192123833376,0.7053633047421868,17.0
3,3,685,448,17,18,692.6614583333334,456.4479166666667,192,17,3.4,117.66145833333337,,319.5520833333333,,319.5520833333333,,0.6160285776614313,0.5434559240362812,17.0
3,3,605,452,13,23,610.589519650655,462.8471615720524,229,17,3.4,35.589519650655006,,313.1528384279476,,313.1528384279476,,0.1863325636159948,0.5325728544692986,17.0
3,3,727,482,15,19,733.7435897435897,491.2358974358974,195,17,3.4,158.74358974358972,,284.7641025641026,,284.7641025641026,,0.8311182709088467,0.4842926914355486,17.0
3,3,687,642,11,18,691.9729729729729,650.2837837837837,148,17,3.4,116.97297297297291,,125.71621621621625,,125.71621621621625,,0.6124239422668739,0.21380308880308888,17.0
3,3,680,751,19,14,688.8317757009346,757.2009345794393,214,17,3.4,113.8317757009346,,18.799065420560737,,18.799065420560737,,0.5959778832509665,0.031971199694831184,17.0
1,1,146,204,3,12,146.8709677419355,209.32258064516128,31,18,3.6,16.870967741935488,,579.6774193548388,,579.6774193548388,,0.08393516289520143,0.9742477636215777,8.64
3,3,599,330,9,20,603.248275862069,339.37931034482756,145,18,3.6,28.248275862069022,,436.62068965517244,,436.62068965517244,,0.14789673226214148,0.7425521932911096,17.0
3,3,604,429,13,24,610.3801652892562,440.31404958677683,242,18,3.6,35.38016528925618,,335.68595041322317,,335.68595041322317,,0.18523646748301667,0.5708944734918762,17.0
3,3,698,436,16,18,704.9144385026738,443.93582887700535,187,18,3.6,129.91443850267376,,332.06417112299465,,332.06417112299465,,0.6801803062967212,0.5647349849030521,17.0
3,3,729,483,14,20,735.2189054726368,492.32338308457713,201,18,3.6,160.21890547263683,,283.67661691542287,,283.67661691542287,,0.8388424370295122,0.48244322604663753,17.0
3,3,681,621,11,17,685.8467153284671,628.6788321167883,137,18,3.6,110.8467153284671,,147.32116788321173,,147.32116788321173,,0.5803492949134403,0.25054620388301313,17.0
3,3,679,751,21,13,688.6605504587155,756.9816513761468,218,18,3.6,113.66055045871553,,19.01834862385317,,19.01834862385317,,0.5950814160142175,0.03234413031267546,17.0
1,1,146,204,3,12,146.8709677419355,209.32258064516128,31,19,3.8,16.870967741935488,,579.6774193548388,,579.6774193548388,,0.08393516289520143,0.9742477636215777,8.64
1,1,146,271,2,9,146.47058823529412,274.7647058823529,17,19,3.8,16.470588235294116,,514.2352941176471,,514.2352941176471,,0.08194322505121451,0.864260998517054,8.64
3,3,598,307,10,19,602.1959459459459,316.1081081081081,148,19,3.8,27.195945945945937,,459.8918918918919,,459.8918918918919,,0.14238715154945517,0.7821290678433536,18.0
3,3,608,404,12,22,613.6830357142857,414.20982142857144,224,19,3.8,38.683035714285666,,361.79017857142856,,361.79017857142856,,0.20252898279730716,0.6152894193391643,18.0
3,3,711,426,15,17,717.5344827586207,433.8505747126437,174,19,3.8,142.5344827586207,,342.1494252873563,,342.1494252873563,,0.7462538364325692,0.5818867776995855,18.0
3,3,729,486,15,18,735.6397849462365,494.5430107526882,186,19,3.8,160.63978494623655,,281.4569892473118,,281.4569892473118,,0.8410459944829138,0.4786683490600541,18.0
3,3,675,600,10,17,679.2101449275362,607.7608695652174,138,19,3.8,104.21014492753625,,168.23913043478262,,168.23913043478262,,0.54560285302375,0.28612097012718135,18.0
3,3,680,751,19,14,689.0754716981132,757.2594339622641,212,19,3.8,114.07547169811323,,18.740566037735903,,18.740566037735903,,0.5972537785241531,0.031871710948530446,18.0
1,1,146,205,3,11,146.85714285714286,209.82142857142858,28,20,4.0,16.85714285714286,,579.1785714285714,,579.1785714285714,,0.08386638237384508,0.9734093637454982,8.64
3,3,599,285,8,19,602.5075757575758,293.530303030303,132,20,4.0,27.50757575757575,,482.469696969697,,482.469696969697,,0.1440187212438521,0.8205266955266955,18.0
3,3,610,378,12,24,615.3146551724138,389.10775862068965,232,20,4.0,40.314655172413836,,386.89224137931035,,386.89224137931035,,0.2110714930492871,0.6579800023457659,18.0
3,3,722,412,14,18,727.7005988023952,419.9940119760479,167,20,4.0,152.70059880239523,,356.0059880239521,,356.0059880239521,,0.7994795748816504,0.6054523605849526,18.0
3,3,729,486,15,19,735.5645161290322,494.8763440860215,186,20,4.0,160.5645161290322,,281.1236559139785,,281.1236559139785,,0.8406519169059278,0.47810145563601786,18.0
3,3,669,579,11,17,674.2071428571428,586.8785714285714,140,20,4.0,99.2071428571428,,189.12142857142862,,189.12142857142862,,0.5194091249065068,0.32163508260447043,18.0
3,3,680,751,19,13,689.1073170731707,757.1463414634146,205,20,4.0,114.10731707317075,,18.853658536585385,,18.853658536585385,,0.5974205082364961,0.03206404513024726,18.0
1,1,146,205,4,11,147.0,209.73333333333332,30,21,4.2,17.0,,579.2666666666667,,579.2666666666667,,0.0845771144278607,0.9735574229691877,8.64
3,3,598,267,8,20,601.4015151515151,276.2651515151515,132,21,4.2,26.401515151515127,,499.7348484848485,,499.7348484848485,,0.1382278280184038,0.8498891981034838,18.0
3,3,608,361,12,23,613.824074074074,371.3287037037037,216,21,4.2,38.82407407407402,,404.6712962962963,,404.6712962962963,,0.20326740352918335,0.6882164902998237,18.0
3,3,729,402,15,18,735.5056818181818,409.9375,176,21,4.2,160.50568181818176,,366.0625,,366.0625,,0.840343883864826,0.6225552721088435,18.0
3,3,729,487,15,18,735.6489361702128,495.32978723404256,188,21,4.2,160.64893617021278,,280.67021276595744,,280.67021276595744,,0.8410939066503287,0.4773302938196555,18.0
3,3,665,561,11,16,669.8571428571429,568.609022556391,133,21,4.2,94.85714285714289,,207.39097744360902,,207.39097744360902,,0.4966342557965596,0.352705743951716,18.0
3,3,680,751,19,13,688.8937198067633,757.096618357488,207,21,4.2,113.89371980676333,,18.903381642512045,,18.903381642512045,,0.5963021979411692,0.0321486082355647,18.0
1,1,146,207,4,9,146.95833333333334,210.625,24,22,4.4,16.958333333333343,,578.375,,578.375,,0.08436981757877285,0.9720588235294118,8.64
1,1,148,785,3,5,148.84615384615384,787.2307692307693,13,22,4.4,18.84615384615384,,1.7692307692307168,,1.7692307692307168,,0.09376195943360119,0.0029734970911440618,8.64
3,3,600,251,8,20,603.4892086330935,260.2086330935252,139,22,4.4,28.48920863309354,,515.7913669064749,,515.7913669064749,,0.1491581603826887,0.8771962022218961,18.0
3,3,604,339,12,22,609.5627906976745,349.153488372093,215,22,4.4,34.56279069767447,,426.846511627907,,426.846511627907,,0.18095701935955222,0.7259294415440595,18.0
3,3,736,392,13,18,741.895061728395,399.94444444444446,162,22,4.4,166.89506172839504,,376.05555555555554,,376.05555555555554,,0.8737961347036389,0.6395502645502645,18.0
3,3,729,486,15,20,735.5625,495.453125,192,22,4.4,160.5625,,280.546875,,280.546875,,0.8406413612565445,0.4771205357142857,18.0
3,3,657,540,11,16,661.7218045112782,547.4586466165413,133,22,4.4,86.72180451127815,,228.54135338345873,,228.54135338345873,,0.4540408613155924,0.38867577106030393,18.0
3,3,680,751,19,13,688.7044334975369,757.1576354679803,203,22,4.4,113.70443349753691,,18.8423645320197,,18.8423645320197,,0.5953111701441723,0.03204483763948929,18.0
1,1,146,205,4,11,146.93103448275863,209.79310344827587,29,23,4.6,16.931034482758633,,579.2068965517242,,579.2068965517242,,0.08423400240178425,0.9734569689944944,8.64
3,3,602,243,9,18,606.1333333333333,251.14814814814815,135,23,4.6,31.133333333333326,,524.8518518518518,,524.8518518518518,,0.16300174520069804,0.8926051902242378,18.0
3,3,603,310,11,23,607.9121951219512,320.89756097560974,205,23,4.6,32.912195121951186,,455.10243902439026,,455.10243902439026,,0.1723151577065507,0.7739837398373984,18.0
3,3,741,378,10,19,745.6470588235294,386.8562091503268,153,23,4.6,170.6470588235294,,389.1437908496732,,389.1437908496732,,0.8934400985525099,0.6618091681116891,18.0
3,3,728,487,16,19,735.2994923857868,495.492385786802,197,23,4.6,160.29949238578683,,280.507614213198,,280.507614213198,,0.8392643580407688,0.47705376566870406,18.0
3,3,649,518,11,17,654.0,525.5373134328358,134,23,4.6,79.0,,250.46268656716416,,250.46268656716416,,0.41361256544502617,0.4259569499441567,18.0
3,3,679,751,20,13,688.3663366336634,757.2475247524752,202,23,4.6,113.36633663366342,,18.752475247524785,,18.752475247524785,,0.59354102949562,0.031891964706674804,18.0
1,1,146,208,3,9,146.7,211.35,20,24,4.8,16.69999999999999,,577.65,,577.65,,0.08308457711442781,0.9708403361344538,8.64
3,3,603,237,9,20,607.2867132867133,246.11888111888112,143,24,4.8,32.28671328671328,,529.8811188811189,,529.8811188811189,,0.16904038370006952,0.9011583654440798,18.0
3,3,603,289,11,23,608.0700934579439,299.94392523364485,214,24,4.8,33.070093457943926,,476.05607476635515,,476.05607476635515,,0.17314185056515144,0.8096191747727128,18.0
3,3,744,365,7,19,747.2385321100917,374.48623853211006,109,24,4.8,172.23853211009168,,401.51376146788994,,401.51376146788994,,0.9017724194245638,0.6828465331086564,18.0
3,3,729,487,15,19,735.53125,495.7864583333333,192,24,4.8,160.53125,,280.2135416666667,,280.2135416666667,,0.8404777486910995,0.4765536422902495,18.0
3,3,643,498,11,16,647.516129032258,505.9758064516129,124,24,4.8,72.51612903225805,,270.0241935483871,,270.0241935483871,,0.37966559702752906,0.45922481895984196,18.0
3,3,680,751,19,14,689.1065989847716,757.2284263959391,197,24,4.8,114.10659898477161,,18.771573604060904,,18.771573604060904,,0.5974167486113697,0.031924444904865484,18.0
1,1,146,213,2,6,146.45454545454547,215.27272727272728,11,25,5.0,16.454545454545467,,573.7272727272727,,573.7272727272727,,0.08186341022161923,0.9642475171886937,8.64
3,3,604,221,9,21,607.4965034965035,230.02797202797203,143,25,5.0,32.496503496503465,,545.972027972028,,545.972027972028,,0.17013876176179824,0.9285238570952856,18.0
3,3,605,260,12,25,610.6652360515021,271.68669527897,233,25,5.0,35.66523605150212,,504.31330472103,,504.31330472103,,0.18672898456283832,0.8576756883010714,18.0
3,3,745,349,6,20,748.0430107526881,358.13978494623655,93,25,5.0,173.04301075268813,,417.86021505376345,,417.86021505376345,,0.9059843494905138,0.7106466242410943,18.0
3,3,637,474,9,16,640.9396551724138,481.37931034482756,116,25,5.0,65.93965517241384,,294.62068965517244,,294.62068965517244,,0.34523379671420856,0.5010555946516538,18.0
3,3,729,487,15,19,735.5208333333334,495.90625,192,25,5.0,160.52083333333337,,280.09375,,280.09375,,0.8404232111692846,0.4763499149659864,18.0
3,3,680,751,19,13,689.1859296482412,757.1809045226131,199,25,5.0,114.1859296482412,,18.819095477386895,,18.819095477386895,,0.5978320923991686,0.03200526441732465,18.0
1,1,146,211,3,10,146.84,215.07999999999998,25,26,5.2,16.840000000000003,,573.9200000000001,,573.9200000000001,,0.0837810945273632,0.9645714285714287,8.64
3,3,604,203,9,21,608.1172413793104,212.57931034482758,145,26,5.2,33.11724137931037,,563.4206896551724,,563.4206896551724,,0.1733886983209967,0.9581984517945109,19.0
3,3,608,243,13,24,613.84,253.78222222222223,225,26,5.2,38.84000000000003,,522.2177777777778,,522.2177777777778,,0.2033507853403143,0.8881254724111867,19.0
3,3,746,329,5,21,748.1086956521739,339.054347826087,92,26,5.2,173.10869565217388,,436.945652173913,,436.945652173913,,0.9063282494878213,0.7431048506359065,19.0
3,3,636,456,10,17,640.4237288135594,463.60169491525426,118,26,5.2,65.42372881355936,,312.39830508474574,,312.39830508474574,,0.342532611589316,0.5312896344978669,19.0
3,3,729,487,15,19,735.344262295082,496.04918032786884,183,26,5.2,160.344262295082,,279.95081967213116,,279.95081967213116,,0.8394987554716334,0.4761068361770938,19.0
3,3,681,752,18,13,689.4812834224599,757.3957219251337,187,26,5.2,114.48128342245991,,18.60427807486633,,18.60427807486633,,0.59937844723801,0.03163992869875226,19.0
1,1,146,211,3,9,146.8695652173913,214.69565217391303,23,27,5.4,16.86956521739131,,574.304347826087,,574.304347826087,,0.0839281851611508,0.9652173913043479,8.64
3,3,608,188,9,19,611.9007092198582,196.1418439716312,141,27,5.4,36.900709219858186,,579.8581560283687,,579.8581560283687,,0.1931974304704617,0.9861533265788583,19.0
3,3,610,230,12,25,615.6359832635983,241.73221757322176,239,27,5.4,40.63598326359829,,534.2677824267782,,534.2677824267782,,0.21275383907643083,0.9086186775965617,19.0
3,3,746,312,5,20,748.289156626506,320.8072289156627,83,27,5.4,173.28915662650604,,455.1927710843373,,455.1927710843373,,0.9072730713429635,0.7741373657896893,19.0
3,3,638,446,9,18,641.828125,454.328125,128,27,5.4,66.828125,,321.671875,,321.671875,,0.3498854712041885,0.5470610119047619,19.0
3,3,729,487,15,19,735.4086021505376,496.10752688172045,186,27,5.4,160.4086021505376,,279.89247311827955,,279.89247311827955,,0.8398356133536,0.4760076073440129,19.0
3,3,681,752,19,13,689.5820105820105,757.3650793650794,189,27,5.4,114.58201058201053,,18.634920634920604,,18.634920634920604,,0.5999058145655002,0.03169204189612348,19.0
3,3,610,188,6,6,612.4230769230769,189.80769230769232,26,28,5.6,37.423076923076906,,586.1923076923076,,586.1923076923076,,0.1959323399113974,0.9969256933542646,18.0
3,3,608,218,12,24,613.6340425531915,228.89787234042552,235,28,5.6,38.634042553191534,,547.1021276595745,,547.1021276595745,,0.20227247410047924,0.9304457953394125,18.0
3,3,745,292,6,20,747.7547169811321,301.49056603773585,106,28,5.6,172.7547169811321,,474.50943396226415,,474.50943396226415,,0.9044749580163984,0.8069888332691567,18.0
3,3,643,434,10,18,647.7984496124031,442.4031007751938,129,28,5.6,72.79844961240315,,333.5968992248062,,333.5968992248062,,0.381143715248184,0.5673416653483099,18.0
3,3,728,487,16,19,735.3523316062176,496.05699481865287,193,28,5.6,160.3523316062176,,279.94300518134713,,279.94300518134713,,0.8395410031739141,0.47609354622678085,18.0
3,3,680,752,19,13,689.09375,757.2552083333334,192,28,5.6,114.09375,,18.74479166666663,,18.74479166666663,,0.5973494764397905,0.03187889739229018,18.0
3,3,603,222,17,18,610.9,230.405,200,29,5.8,35.89999999999998,,545.595,,545.595,,0.18795811518324596,0.9278826530612245,18.0
3,3,745,274,6,21,748.0102040816327,283.6020408163265,98,29,5.8,173.01020408163265,,492.3979591836735,,492.3979591836735,,0.9058125868148307,0.8374114952103291,18.0
3,3,648,430,12,16,653.3157894736842,437.22556390977445,133,29,5.8,78.31578947368416,,338.77443609022555,,338.77443609022555,,0.41003031138054535,0.5761470001534448,18.0
3,3,728,487,16,19,735.413612565445,496.05759162303667,191,29,5.8,160.41361256544496,,279.94240837696333,,279.94240837696333,,0.839861845892382,0.476092531253339,18.0
3,3,680,752,20,12,689.3908629441624,757.248730964467,197,29,5.8,114.39086294416245,,18.751269035533028,,18.751269035533028,,0.5989050415924736,0.031889913325736444,18.0
3,3,604,222,16,19,611.1275510204082,230.5204081632653,196,30,6.0,36.12755102040819,,545.4795918367347,,545.4795918367347,,0.18914948178224184,0.9276863806747189,18.0
3,3,745,258,6,22,747.8454545454546,268.3,110,30,6.0,172.84545454545457,,507.7,,507.7,,0.9049500237981914,0.8634353741496599,18.0
3,3,656,426,14,15,662.4360902255639,432.97744360902254,133,30,6.0,87.43609022556393,,343.02255639097746,,343.02255639097746,,0.45778057709719333,0.5833716945424786,18.0
3,3,729,488,15,18,735.6298342541436,496.3977900552486,181,30,6.0,160.6298342541436,,279.6022099447514,,279.6022099447514,,0.8409938966185528,0.4755139624910738,18.0
3,3,681,753,18,13,689.8288770053476,758.2887700534759,187,30,6.0,114.82887700534764,,17.7112299465241,,17.7112299465241,,0.6011983089285217,0.030121139364836905,18.0
3,3,603,221,14,17,609.4333333333333,228.75,180,31,6.2,34.43333333333328,,547.25,,547.25,,0.18027923211169256,0.9306972789115646,18.0
3,3,746,237,5,20,748.4473684210526,246.2763157894737,76,31,6.2,173.4473684210526,,529.7236842105262,,529.7236842105262,,0.9081014053458252,0.9008906194056568,18.0
3,3,674,411,14,14,680.1923076923077,417.3461538461538,130,31,6.2,105.19230769230774,,358.6538461538462,,358.6538461538462,,0.5507450664518729,0.6099555206698064,18.0
3,3,735,495,13,18,740.7374301675977,503.2737430167598,179,31,6.2,165.73743016759772,,272.7262569832402,,272.7262569832402,,0.8677352364795692,0.46382016493748335,18.0
3,3,685,754,17,14,692.6516853932584,760.6011235955057,178,31,6.2,117.65168539325839,,15.398876404494331,,15.398876404494331,,0.6159774104359078,0.026188565313765868,18.0
1,1,146,211,3,10,146.8846153846154,215.19230769230768,26,32,6.4,16.884615384615387,,573.8076923076924,,573.8076923076924,,0.08400306161500193,0.9643826761473822,8.64
3,3,603,219,14,17,609.5491329479769,226.84393063583815,173,32,6.4,34.54913294797689,,549.1560693641618,,549.1560693641618,,0.18088551281663293,0.9339388934764656,18.0
3,3,747,226,4,19,748.7540983606557,234.45901639344262,61,32,6.4,173.7540983606557,,541.5409836065573,,541.5409836065573,,0.9097073212599774,0.9209880673580907,18.0
3,3,687,392,10,16,691.5,399.2936507936508,126,32,6.4,116.5,,376.7063492063492,,376.7063492063492,,0.6099476439790575,0.640657056473383,18.0
3,3,735,498,14,19,741.2352941176471,507.16042780748666,187,32,6.4,166.23529411764707,,268.83957219251334,,268.83957219251334,,0.8703418540190946,0.45721015678998866,18.0
3,3,687,755,16,13,694.1569767441861,761.1395348837209,172,32,6.4,119.15697674418607,,14.860465116279101,,14.860465116279101,,0.6238585169852674,0.02527289985761752,18.0
1,1,146,209,2,8,146.46666666666667,212.26666666666665,15,33,6.6,16.46666666666667,,576.7333333333333,,576.7333333333333,,0.08192371475953567,0.9692997198879552,8.64
3,3,746,211,5,20,748.375,220.1125,80,33,6.6,173.375,,555.8875,,555.8875,,0.9077225130890052,0.9453869047619048,19.0
3,3,604,215,12,22,609.3128205128205,225.2,195,33,6.6,34.31282051282051,,550.8,,550.8,,0.17964827493623303,0.9367346938775509,19.0
3,3,695,375,11,15,699.5470085470085,381.7863247863248,117,33,6.6,124.54700854700855,,394.2136752136752,,394.2136752136752,,0.6520785787801494,0.6704314204314203,19.0
3,3,736,499,13,18,741.5804597701149,507.37931034482756,174,33,6.6,166.58045977011489,,268.62068965517244,,268.62068965517244,,0.8721490040320151,0.45683790757682385,19.0
3,3,687,755,16,13,694.1952662721893,760.9585798816568,169,33,6.6,119.19526627218931,,15.04142011834324,,15.04142011834324,,0.6240589857182687,0.025580646459767414,19.0
1,1,146,208,3,10,146.92592592592592,212.03703703703704,27,34,6.8,16.925925925925924,,576.9629629629629,,576.9629629629629,,0.08420858669614888,0.9696856520385931,8.64
3,3,747,191,4,19,748.6029411764706,200.4264705882353,68,34,6.8,173.6029411764706,,575.5735294117646,,575.5735294117646,,0.9089159223898985,0.9788665466186474,19.0
3,3,604,215,12,21,609.4723618090452,224.43718592964825,199,34,6.8,34.472361809045196,,551.5628140703518,,551.5628140703518,,0.1804835696808649,0.9380319967182854,19.0
3,3,703,355,10,16,707.448275862069,362.3879310344828,116,34,6.8,132.44827586206895,,413.6120689655172,,413.6120689655172,,0.6934464704820364,0.7034218859957776,19.0
3,3,735,498,13,19,741.088888888889,507.05555555555554,180,34,6.8,166.08888888888896,,268.94444444444446,,268.94444444444446,,0.8695753344968008,0.45738851095993954,19.0
3,3,687,755,17,13,694.6047904191616,760.9281437125749,167,34,6.8,119.60479041916165,,15.071856287425135,,15.071856287425135,,0.6262030911997992,0.025632408652083563,19.0
1,1,146,210,2,7,146.46153846153845,212.76923076923077,13,35,7.0,16.461538461538453,,576.2307692307693,,576.2307692307693,,0.08189820130118633,0.9684550743374274,8.64
3,3,623,188,6,4,625.2631578947369,189.1578947368421,19,35,7.0,50.26315789473688,,586.8421052631579,,586.8421052631579,,0.2631578947368423,0.9980307912638741,18.0
3,3,748,188,3,5,749.0,189.69230769230768,13,35,7.0,174.0,,586.3076923076924,,586.3076923076924,,0.9109947643979057,0.9971219256933543,18.0
3,3,604,215,12,22,609.5673076923077,224.87019230769232,208,35,7.0,34.567307692307736,,551.1298076923076,,551.1298076923076,,0.1809806685461138,0.9372955913134483,18.0
3,3,710,341,11,17,714.6976744186047,348.8682170542636,129,35,7.0,139.69767441860472,,427.1317829457364,,427.1317829457364,,0.7314014367466216,0.7264145968464905,18.0
3,3,736,498,12,20,741.3977900552486,507.5359116022099,181,35,7.0,166.3977900552486,,268.4640883977901,,268.4640883977901,,0.8711926180903068,0.45657157890780625,18.0
3,3,687,755,17,14,695.2021857923497,761.1366120218579,183,35,7.0,120.20218579234972,,14.8633879781421,,14.8633879781421,,0.6293308156667525,0.02527787071112602,18.0
1,1,146,217,3,13,146.52,222.88,25,36,7.2,16.52000000000001,,566.12,,566.12,,0.08218905472636821,0.9514621848739496,8.64
1,1,146,250,2,6,146.45454545454547,252.27272727272728,11,36,7.2,16.454545454545467,,536.7272727272727,,536.7272727272727,,0.08186341022161923,0.9020626432391139,8.64
2,2,379,772,5,3,380.8,773.1,10,36,7.2,19.80000000000001,,10.899999999999977,,10.899999999999977,,0.10366492146596865,0.018537414965986355,8.64
3,3,618,188,11,10,623.3461538461538,191.7051282051282,78,36,7.2,48.34615384615381,,584.2948717948718,,584.2948717948718,,0.2531212243254126,0.9936987615559044,19.0
3,3,604,216,12,20,609.7526315789473,225.00526315789475,190,36,7.2,34.75263157894733,,550.9947368421052,,550.9947368421052,,0.1819509506751169,0.9370658789831722,19.0
3,3,719,322,11,16,723.5333333333333,329.025,120,36,7.2,148.5333333333333,,446.975,,446.975,,0.7776614310645723,0.7601615646258504,19.0
3,3,735,499,13,18,741.2777777777778,507.40555555555557,180,36,7.2,166.27777777777783,,268.59444444444443,,268.59444444444443,,0.8705642815590462,0.4567932728647014,19.0
3,3,688,755,16,14,695.4404761904761,760.9404761904761,168,36,7.2,120.44047619047615,,15.059523809523853,,15.059523809523853,,0.6305784093742207,0.025611435050210633,19.0
1,1,146,217,3,13,146.52,222.88,25,37,7.4,16.52000000000001,,566.12,,566.12,,0.08218905472636821,0.9514621848739496,8.64
2,2,378,781,5,4,379.5625,782.375,16,37,7.4,18.5625,,1.625,,1.625,,0.09718586387434555,0.0027636054421768708,8.64
3,3,616,188,11,12,621.7472527472528,192.43956043956044,91,37,7.4,46.74725274725279,,583.5604395604396,,583.5604395604396,,0.24475001438352245,0.9924497271436048,19.0
3,3,604,214,12,21,609.4516129032259,223.4569892473118,186,37,7.4,34.45161290322585,,552.5430107526881,,552.5430107526881,,0.18037493666610394,0.9396989978787214,19.0
3,3,725,302,11,17,729.8062015503876,309.83720930232556,129,37,7.4,154.80620155038764,,466.16279069767444,,466.16279069767444,,0.8105036730386788,0.7927938617307388,19.0
3,3,735,499,13,18,741.2569832402235,507.43575418994413,179,37,7.4,166.25698324022346,,268.56424581005587,,268.56424581005587,,0.8704554096346778,0.45674191464295216,19.0
3,3,688,755,17,14,695.9230769230769,760.9585798816568,169,37,7.4,120.9230769230769,,15.04142011834324,,15.04142011834324,,0.6331051147805073,0.025580646459767414,19.0
1,1,146,217,2,7,146.46153846153845,219.76923076923077,13,38,7.6,16.461538461538453,,569.2307692307693,,569.2307692307693,,0.08189820130118633,0.9566903684550744,8.64
2,2,379,772,4,4,380.3,773.3,10,38,7.6,19.30000000000001,,10.700000000000045,,10.700000000000045,,0.10104712041884822,0.018197278911564703,8.64
3,3,612,188,11,11,616.5555555555555,191.90123456790124,81,38,7.6,41.55555555555554,,584.0987654320987,,584.0987654320987,,0.21756835369400807,0.9933652473335013,19.0
3,3,604,214,12,21,609.5181347150259,223.720207253886,193,38,7.6,34.518134715025894,,552.279792746114,,552.279792746114,,0.18072321840327693,0.9392513482076769,19.0
3,3,730,290,10,17,734.1463414634146,297.0162601626016,123,38,7.6,159.14634146341461,,478.9837398373984,,478.9837398373984,,0.833226918656621,0.8145981970023782,19.0
3,3,735,500,13,18,741.1907514450867,507.90751445086704,173,38,7.6,166.19075144508668,,268.09248554913296,,268.09248554913296,,0.8701086463093544,0.45593960127403566,19.0
3,3,688,755,16,13,695.5515151515151,760.9454545454546,165,38,7.6,120.5515151515151,,15.054545454545405,,15.054545454545405,,0.6311597651911786,0.025602968460111234,19.0
1,1,146,214,2,9,146.47058823529412,217.76470588235293,17,39,7.8,16.470588235294116,,571.2352941176471,,571.2352941176471,,0.08194322505121451,0.960059317844785,8.64
3,3,610,188,11,10,613.95,191.6,80,39,7.8,38.950000000000045,,584.4,,584.4,,0.20392670157068088,0.9938775510204081,19.0
3,3,604,214,12,21,609.6358974358974,223.81025641025641,195,39,7.8,34.63589743589739,,552.1897435897436,,552.1897435897436,,0.18133977715129523,0.9390982033839176,19.0
3,3,733,275,11,17,737.76,282.11199999999997,125,39,7.8,162.76,,493.88800000000003,,493.88800000000003,,0.8521465968586387,0.8399455782312926,19.0
3,3,735,500,13,18,741.3370786516854,508.2134831460674,178,39,7.8,166.33707865168537,,267.7865168539326,,267.7865168539326,,0.8708747573386669,0.4554192463502255,19.0
3,3,689,755,16,14,696.6369047619048,761.2321428571429,168,39,7.8,121.63690476190482,,14.76785714285711,,14.76785714285711,,0.6368424333084022,0.02511540330417876,19.0
1,1,146,214,2,9,146.47058823529412,217.76470588235293,17,40,8.0,16.470588235294116,,571.2352941176471,,571.2352941176471,,0.08194322505121451,0.960059317844785,8.64
3,3,610,188,11,10,613.95,191.6,80,40,8.0,38.950000000000045,,584.4,,584.4,,0.20392670157068088,0.9938775510204081,19.0
3,3,604,215,12,20,609.6256684491979,224.19251336898395,187,40,8.0,34.62566844919786,,551.807486631016,,551.807486631016,,0.18128622224710922,0.9384481065153333,19.0
3,3,737,261,11,17,741.52,268.352,125,40,8.0,166.51999999999998,,507.648,,507.648,,0.8718324607329841,0.8633469387755103,19.0
3,3,736,499,12,19,741.4318181818182,507.71022727272725,176,40,8.0,166.43181818181824,,268.28977272727275,,268.28977272727275,,0.871370775821038,0.456275123685838,19.0
3,3,690,755,15,14,696.7409638554217,761.3493975903615,166,40,8.0,121.74096385542168,,14.650602409638509,,14.650602409638509,,0.6373872453163439,0.024915990492582498,19.0
1,1,146,246,2,8,146.46666666666667,249.26666666666665,15,41,8.2,16.46666666666667,,539.7333333333333,,539.7333333333333,,0.08192371475953567,0.9071148459383753,8.64
3,3,609,188,11,10,613.3164556962025,191.51898734177215,79,41,8.2,38.316455696202524,,584.4810126582279,,584.4810126582279,,0.2006097156869242,0.9940153276500474,18.0
3,3,600,220,13,13,605.723076923077,225.52307692307693,130,41,8.2,30.723076923076974,,550.4769230769231,,550.4769230769231,,0.16085380587998416,0.9361852433281005,18.0
3,3,739,242,10,19,743.3095238095239,250.66666666666666,126,41,8.2,168.30952380952385,,525.3333333333334,,525.3333333333334,,0.8812016953378212,0.8934240362811792,18.0
3,3,735,499,13,19,741.2277777777778,507.8666666666667,180,41,8.2,166.22777777777776,,268.1333333333333,,268.1333333333333,,0.8703025014543339,0.45600907029478455,18.0
3,3,689,755,16,14,696.7325581395348,761.4593023255813,172,41,8.2,121.73255813953483,,14.540697674418652,,14.540697674418652,,0.6373432363326431,0.024729077677582742,18.0
1,1,146,212,3,5,146.6,213.7,10,42,8.4,16.599999999999994,,575.3,,575.3,,0.08258706467661689,0.966890756302521,8.64
3,3,605,188,11,4,609.3142857142857,189.22857142857143,35,42,8.4,34.31428571428569,,586.7714285714286,,586.7714285714286,,0.1796559461480926,0.997910592808552,17.0
3,3,600,218,12,13,605.088,223.816,125,42,8.4,30.087999999999965,,552.184,,552.184,,0.15752879581151816,0.9390884353741497,17.0
3,3,740,229,9,18,744.1,237.1153846153846,130,42,8.4,169.10000000000002,,538.8846153846154,,538.8846153846154,,0.8853403141361258,0.9164704343275771,17.0
3,3,735,499,14,19,741.2331606217617,507.9481865284974,193,42,8.4,166.23316062176173,,268.0518134715026,,268.0518134715026,,0.8703306838835693,0.45587043107398406,17.0
3,3,689,755,17,15,696.9042553191489,761.5797872340426,188,42,8.4,121.90425531914889,,14.420212765957444,,14.420212765957444,,0.6382421744458057,0.024524171370675925,17.0
1,1,146,210,2,7,146.41666666666666,212.83333333333334,12,43,8.6,16.416666666666657,,576.1666666666666,,576.1666666666666,,0.08167495854063013,0.9683473389355741,8.64
3,3,737,216,8,17,740.1909090909091,223.6,110,43,8.6,165.19090909090914,,552.4,,552.4,,0.8648738695859117,0.9394557823129251,18.0
3,3,600,218,12,13,604.9916666666667,223.66666666666666,120,43,8.6,29.991666666666674,,552.3333333333334,,552.3333333333334,,0.15702443280977316,0.9393424036281179,18.0
3,3,709,452,12,20,714.1686746987951,461.2409638554217,166,43,8.6,139.16867469879514,,314.7590361445783,,314.7590361445783,,0.7286318047057337,0.5353044832390788,18.0
3,3,735,499,14,19,741.2486772486773,507.984126984127,189,43,8.6,166.24867724867727,,268.015873015873,,268.015873015873,,0.8704119227679438,0.4558093078501242,18.0
3,3,689,754,17,15,696.6577540106952,761.0641711229947,187,43,8.6,121.65775401069516,,14.935828877005292,,14.935828877005292,,0.6369515916790323,0.025401069518716485,18.0
1,1,146,308,3,5,146.72727272727272,309.72727272727275,11,44,8.8,16.72727272727272,,479.27272727272725,,479.27272727272725,,0.0832202623247399,0.8055003819709702,8.64
3,3,736,200,9,18,739.5762711864406,207.79661016949152,118,44,8.8,164.57627118644064,,568.2033898305085,,568.2033898305085,,0.8616558700860766,0.9663322956301165,18.0
3,3,600,218,12,13,604.9344262295082,223.8360655737705,122,44,8.8,29.934426229508176,,552.1639344262295,,552.1639344262295,,0.15672474465711086,0.9390543102486897,18.0
3,3,714,443,11,20,718.7528735632184,452.0919540229885,174,44,8.8,143.75287356321837,,323.9080459770115,,323.9080459770115,,0.7526328458807244,0.5508640237704278,18.0
3,3,735,499,14,19,741.2592592592592,508.010582010582,189,44,8.8,166.25925925925924,,267.989417989418,,267.989417989418,,0.8704673259647081,0.455764316308534,18.0
3,3,690,755,16,14,697.195530726257,761.4469273743017,179,44,8.8,122.19553072625695,,14.553072625698292,,14.553072625698292,,0.6397671765772615,0.02475012351309233,18.0
1,1,146,207,3,5,146.72727272727272,208.72727272727272,11,45,9.0,16.72727272727272,,580.2727272727273,,580.2727272727273,,0.0832202623247399,0.975248281130634,8.64
1,1,146,305,3,4,146.9090909090909,306.3636363636364,11,45,9.0,16.909090909090907,,482.6363636363636,,482.6363636363636,,0.0841248303934871,0.811153552330023,8.64
3,3,735,188,9,20,738.5954198473282,197.9083969465649,131,45,9.0,163.59541984732823,,578.0916030534352,,578.0916030534352,,0.8565205227608808,0.9831489847847537,18.0
3,3,600,218,12,13,605.0,223.825,120,45,9.0,30.0,,552.175,,552.175,,0.15706806282722513,0.9390731292517006,18.0
3,3,715,436,11,20,719.5892857142858,444.94642857142856,168,45,9.0,144.58928571428578,,331.05357142857144,,331.05357142857144,,0.7570119670905014,0.5630162779397474,18.0
3,3,735,500,14,18,741.2119565217391,508.32608695652175,184,45,9.0,166.21195652173913,,267.67391304347825,,267.67391304347825,,0.8702196676530844,0.4552277432712215,18.0
3,3,690,755,16,14,697.2228571428572,761.3828571428571,175,45,9.0,122.22285714285715,,14.61714285714288,,14.61714285714288,,0.6399102468212416,0.024859086491739592,18.0
1,1,146,209,3,4,146.8,210.5,10,46,9.2,16.80000000000001,,578.5,,578.5,,0.08358208955223886,0.9722689075630252,8.64
3,3,736,188,10,17,740.2416666666667,195.40833333333333,120,46,9.2,165.24166666666667,,580.5916666666667,,580.5916666666667,,0.8651396160558464,0.9874007936507937,18.0
3,3,600,217,12,13,604.8898305084746,223.05084745762713,118,46,9.2,29.889830508474574,,552.9491525423729,,552.9491525423729,,0.15649125920667317,0.9403897152081171,18.0
3,3,717,426,12,20,722.2954545454545,435.02272727272725,176,46,9.2,147.2954545454545,,340.97727272727275,,340.97727272727275,,0.7711803902903377,0.5798933209647495,18.0
3,3,735,500,14,19,741.2324324324325,508.55135135135134,185,46,9.2,166.23243243243246,,267.44864864864866,,267.44864864864866,,0.8703268713739919,0.45484464055892626,18.0
3,3,690,754,16,15,697.1868131868132,761.1538461538462,182,46,9.2,122.1868131868132,,14.846153846153811,,14.846153846153811,,0.6397215350094931,0.025248560962846618,18.0
1,1,146,211,2,6,146.4,213.3,10,47,9.4,16.400000000000006,,575.7,,575.7,,0.08159203980099505,0.9675630252100841,8.64
3,3,739,188,9,11,742.1466666666666,192.29333333333332,75,47,9.4,167.14666666666665,,583.7066666666667,,583.7066666666667,,0.8751134380453751,0.9926984126984127,18.0
3,3,600,215,11,13,604.5,221.24561403508773,114,47,9.4,29.5,,554.7543859649122,,554.7543859649122,,0.1544502617801047,0.9434598400763813,18.0
3,3,722,416,13,20,727.4943820224719,424.75280898876406,178,47,9.4,152.49438202247188,,351.24719101123594,,351.24719101123594,,0.7983999058768161,0.5973591683864556,18.0
3,3,735,501,14,19,741.2,509.8378378378378,185,47,9.4,166.20000000000005,,266.1621621621622,,266.1621621621622,,0.8701570680628274,0.45265673837102416,18.0
3,3,690,754,16,16,697.3689839572193,761.3529411764706,187,47,9.4,122.36898395721926,,14.647058823529392,,14.647058823529392,,0.6406753086765407,0.024909963985594204,18.0
1,1,146,215,3,6,146.78571428571428,217.21428571428572,14,48,9.6,16.785714285714278,,571.7857142857142,,571.7857142857142,,0.0835110163468372,0.9609843937575029,8.64
1,1,146,241,3,8,146.85,244.2,20,48,9.6,16.849999999999994,,544.8,,544.8,,0.08383084577114425,0.9156302521008403,8.64
3,3,741,188,7,5,743.5172413793103,189.72413793103448,29,48,9.6,168.51724137931035,,586.2758620689656,,586.2758620689656,,0.8822892218812061,0.9970677926342952,18.0
3,3,600,216,11,12,604.5363636363636,221.4818181818182,110,48,9.6,29.536363636363603,,554.5181818181818,,554.5181818181818,,0.1546406473108042,0.9430581323438466,18.0
3,3,728,402,11,21,732.8846153846154,411.7802197802198,182,48,9.6,157.88461538461536,,364.2197802197802,,364.2197802197802,,0.8266210229561014,0.619421394931599,18.0
3,3,736,502,12,17,741.1077844311377,509.98802395209583,167,48,9.6,166.1077844311377,,266.01197604790417,,266.01197604790417,,0.8696742640373701,0.4524013198093608,18.0
3,3,690,754,16,15,697.3097826086956,761.2934782608696,184,48,9.6,122.30978260869563,,14.70652173913038,,14.70652173913038,,0.6403653539722284,0.025011091393078878,18.0
1,1,146,214,3,7,146.8235294117647,216.7058823529412,17,49,9.8,16.823529411764696,,572.2941176470588,,572.2941176470588,,0.08369915130231192,0.9618388531883341,8.64
1,1,146,241,3,8,146.85,244.2,20,49,9.8,16.849999999999994,,544.8,,544.8,,0.08383084577114425,0.9156302521008403,8.64
1,1,147,358,3,4,147.9090909090909,359.3636363636364,11,49,9.8,17.909090909090907,,429.6363636363636,,429.6363636363636,,0.08909995477159655,0.7220779220779221,8.64
1,1,148,378,2,6,148.45454545454547,380.27272727272725,11,49,9.8,18.454545454545467,,408.72727272727275,,408.72727272727275,,0.09181365897783815,0.6869365928189458,8.64
3,3,742,188,8,4,745.0833333333334,189.20833333333334,24,49,9.8,170.08333333333337,,586.7916666666666,,586.7916666666666,,0.8904886561954627,0.9979450113378684,18.0
3,3,600,216,11,12,604.4907407407408,221.57407407407408,108,49,9.8,29.490740740740762,,554.4259259259259,,554.4259259259259,,0.15440178398293591,0.9429012345679011,18.0
3,3,732,388,12,21,736.9261363636364,397.6988636363636,176,49,9.8,161.92613636363637,,378.3011363636364,,378.3011363636364,,0.8477808186577821,0.6433692795299938,18.0
3,3,735,502,13,17,740.5402298850574,509.88505747126436,174,49,9.8,165.54022988505744,,266.11494252873564,,266.11494252873564,,0.8667027742673165,0.4525764328719994,18.0
3,3,689,754,18,16,697.2835051546392,761.4020618556701,194,49,9.8,122.28350515463922,,14.597938144329873,,14.597938144329873,,0.6402277756787393,0.024826425415526997,18.0
