frame_index,time_s,x_px,y_px,bbox_x,bbox_y,bbox_w,bbox_h,x_from_left_px,x_from_left_mm,y_from_base_px,y_from_base_mm,distance_from_base_px,distance_from_base_mm,relative_x,relative_height,detected,internal_track_id,display_id,physical_vial_index,assay_tube_index,label,dt_s,dx_px,dy_px,displacement_px,speed_px_s_raw,vertical_velocity_px_s_raw,height_px_smoothed,speed_px_s_smoothed,vertical_velocity_px_s_smoothed,height_mm_smoothed,vertical_velocity_mm_s_raw,vertical_velocity_mm_s_smoothed,displacement_mm,speed_mm_s_raw,speed_mm_s_smoothed
0,0.0,688.8811881188119,691.3993399339934,677,684,25,16,113.8811881188119,,84.60066006600664,,84.60066006600664,,0.5962365870094865,0.14387867358164394,True,1,1,3,1,"fly (1,1)",,,,,,,84.07349297230041,19.86266433428953,-2.635835468531127,,,,,,
1,0.2,681.0063897763578,692.4536741214058,670,685,24,17,106.00638977635776,,83.54632587859419,,83.54632587859419,,0.5550072763160092,0.1420855882289017,True,1,1,3,1,"fly (1,1)",0.2,-7.874798342454142,1.0543341874124508,7.945065733715812,39.72532866857906,-5.271670937062254,81.76728936649435,30.150060451026746,-12.409629851874039,,,,,,
2,0.4,673.1279461279462,698.8451178451178,662,691,24,17,98.12794612794619,,77.15488215488222,,77.15488215488222,,0.5137588802510271,0.13121578597769085,True,1,1,3,1,"fly (1,1)",0.2,-7.878443648411576,6.391443723711973,10.144970536900237,50.72485268450118,-31.957218618559864,77.35947741092154,52.88847079223413,-22.039059777864054,,,,,,
3,0.6,660.7686832740213,704.6227758007118,650,698,23,15,85.76868327402133,,71.37722419928821,,71.37722419928821,,0.44905069776974516,0.1213898370736194,True,1,1,3,1,"fly (1,1)",0.19999999999999996,-12.35926285392486,5.777657955594009,13.643046204724428,68.21523102362215,-28.88828977797005,73.0034028479838,59.457826185678925,-21.78037281468865,,,,,,
4,0.8,648.9160583941606,705.521897810219,638,699,24,15,73.91605839416059,,70.478102189781,,70.478102189781,,0.3869950701264952,0.11986071800983163,True,1,1,3,1,"fly (1,1)",0.20000000000000007,-11.852624879860741,0.8991220095072094,11.886678969782693,59.433394848913444,-4.495610047536045,69.76645657012295,48.277770127061984,-16.184731389304265,,,,,,
5,1.0,650.5306859205776,708.5559566787003,642,699,19,21,75.53068592057764,,67.44404332129966,,67.44404332129966,,0.39544861738522324,0.11470075394778853,True,1,1,3,1,"fly (1,1)",0.19999999999999996,1.6146275264170526,3.0340588684813383,3.436936901730072,17.184684508650363,-15.170294342406695,68.21832331285384,40.84588882211539,-7.740666286345573,,,,,,
6,1.2,659.6870229007634,709.2671755725191,653,698,14,24,84.6870229007634,,66.73282442748086,,66.73282442748086,,0.4433875544542586,0.11349119800591984,True,1,1,3,1,"fly (1,1)",0.19999999999999996,9.156336980185756,0.7112188938187956,9.183917421756473,45.91958710878237,-3.5560944690939786,67.09228924959352,33.874548767389705,-5.630170316301627,,,,,,
7,1.4,667.3821428571429,708.9,660,697,16,26,92.38214285714287,,67.10000000000002,,67.10000000000002,,0.48367614061331343,0.11411564625850344,True,1,1,3,1,"fly (1,1)",0.19999999999999996,7.695119956379472,-0.3671755725191588,7.703874936947274,38.51937468473638,1.8358778625957943,66.91854381500825,37.484846864974394,-0.8687271729263556,,,,,,
8,1.6,672.9824561403509,709.0771929824562,663,699,21,22,97.9824561403509,,66.92280701754385,,66.92280701754385,,0.5129971525672822,0.1138142976488841,True,1,1,3,1,"fly (1,1)",0.20000000000000018,5.600313283208038,0.17719298245617665,5.603115760280891,28.01557880140443,-0.8859649122808825,68.56190945528617,43.488824872833185,8.216828201389605,,,,,,
9,1.8,684.8576779026217,704.3370786516854,674,696,22,18,109.85767790262173,,71.66292134831463,,71.66292134831463,,0.5751710884954018,0.12187571657876638,True,1,1,3,1,"fly (1,1)",0.19999999999999996,11.875221762270826,-4.74011433077078,12.786304226471742,63.931521132358725,23.700571653853903,71.68730628068299,42.49111998149547,15.626984126984103,,,,,,
10,2.0,690.0842490842491,699.5238095238095,679,692,23,16,115.08424908424911,,76.47619047619048,,76.47619047619048,,0.6025353355196288,0.1300615484288954,True,1,1,3,1,"fly (1,1)",0.19999999999999996,5.226571181627378,-4.813269127875856,7.1052520021446535,35.52626001072328,24.066345639379286,75.46012352192126,46.65245213603249,18.86408620619136,,,,,,
11,2.2,697.9895104895105,697.7587412587413,686,690,25,16,122.98951048951051,,78.24125874125866,,78.24125874125866,,0.6439241386885367,0.13306336520622222,True,1,1,3,1,"fly (1,1)",0.20000000000000018,7.905261405261399,-1.7650682650681802,8.0999150530031,40.499575265015466,8.825341325340894,79.42694316637976,52.81105559650763,19.834098222292496,,,,,,
12,2.4,713.588028169014,692.4366197183099,702,686,24,14,138.58802816901402,,83.56338028169012,,83.56338028169012,,0.7255917705183981,0.1421145923157995,True,1,1,3,1,"fly (1,1)",0.19999999999999973,15.598517679503516,-5.3221215404314535,16.48146630275681,82.40733151378416,26.610607702157303,84.19039651519893,60.23717016991046,23.817266744095864,,,,,,
13,2.6,722.6306620209059,685.233449477352,711,679,24,14,147.6306620209059,,90.766550522648,,90.766550522648,,0.7729354032508162,0.1543648818412381,True,1,1,3,1,"fly (1,1)",0.20000000000000018,9.042633851891878,-7.203170240957888,11.560920746186364,57.80460373093177,36.015851204789406,90.31066897630187,59.39516412390202,30.6013623055147,,,,,,
14,2.8,727.4913494809689,679.3979238754325,716,672,24,16,152.4913494809689,,96.60207612456747,,96.60207612456747,,0.7983840286961722,0.16428924510980863,True,1,1,3,1,"fly (1,1)",0.19999999999999973,4.860687460062991,-5.835525601919471,7.594711425398019,37.973557126990144,29.177628009597395,97.84491680857236,50.61782396992398,37.67123916135251,,,,,,
15,3.0,733.3485342019544,669.8338762214984,723,660,22,21,158.3485342019544,,106.16612377850163,,106.16612377850163,,0.8290499172877194,0.1805546322763633,True,1,1,3,1,"fly (1,1)",0.20000000000000018,5.857184720985515,-9.564047653934153,11.215062210370014,56.07531105185002,47.820238269670725,106.89130793626434,51.07326245408736,45.231955638459816,,,,,,
16,3.2,734.8417508417508,658.0942760942761,725,648,21,22,159.8417508417508,,117.9057239057239,,117.9057239057239,,0.8368678054541927,0.2005199386151767,True,1,1,3,1,"fly (1,1)",0.20000000000000018,1.493216639796401,-11.739600127222275,11.834183836684392,59.17091918342191,58.698000636111324,117.40649956364564,55.99733763671645,52.57595813690651,,,,,,
17,3.4,737.3691275167785,647.8523489932886,729,637,18,23,162.36912751677846,,128.14765100671138,,128.14765100671138,,0.8501001440669029,0.21793818198420303,True,1,1,3,1,"fly (1,1)",0.19999999999999973,2.5273766750276536,-10.241927100987482,10.54915653497547,52.74578267487742,51.20963550493748,129.06541068509748,59.18814536013597,58.29455560725912,,,,,,
18,3.6,739.2425249169435,634.8571428571429,731,624,18,24,164.24252491694347,,141.1428571428571,,141.1428571428571,,0.8599085074185522,0.24003887269193386,True,1,1,3,1,"fly (1,1)",0.20000000000000018,1.873397400165004,-12.995206136145725,13.129546844421727,65.64773422210858,64.97603068072857,140.85635985937998,60.34030376314744,58.954745871412634,,,,,,
19,3.8,742.3428571428572,622.7214285714285,735,612,16,23,167.34285714285716,,153.27857142857147,,153.27857142857147,,0.8761406133133882,0.26067784256559773,True,1,1,3,1,"fly (1,1)",0.19999999999999973,3.1003322259136894,-12.135714285714357,12.525478878491251,62.62739439245634,60.678571428571864,152.9967563837129,61.630467153602616,60.70198262166455,,,,,,
20,4.0,743.2065217391305,611.4311594202899,737,600,14,25,168.2065217391305,,164.56884057971013,,164.56884057971013,,0.8806624174823586,0.2798789805777383,True,1,1,3,1,"fly (1,1)",0.20000000000000018,0.8636645962733382,-11.29026915113866,11.323254569248597,56.616272846242936,56.45134575569325,165.10054148749802,61.286386084943196,60.51892551892553,,,,,,
21,4.2,742.2197802197802,598.5457875457876,736,587,14,25,167.2197802197802,,177.45421245421244,,177.45421245421244,,0.8754962315171738,0.30179287832349055,True,1,1,3,1,"fly (1,1)",0.20000000000000018,-0.9867415193502893,-12.885371874502312,12.923098203226072,64.6154910161303,64.4268593725115,177.7772921877781,63.52132727127819,63.38375350140035,,,,,,
22,4.4,741.6470588235294,584.6911764705883,735,573,15,25,166.6470588235294,,191.3088235294117,,191.3088235294117,,0.8724976901755466,0.32535514205682264,True,1,1,3,1,"fly (1,1)",0.20000000000000018,-0.5727213962508131,-13.854611075199273,13.86644359029228,69.33221795146133,69.27305537599631,191.8066208506299,70.24470518852472,70.1466433142592,,,,,,
23,4.6,742.180811808118,569.3431734317344,735,558,15,24,167.18081180811805,,206.65682656826561,,206.65682656826561,,0.8752922084194662,0.3514571880412681,True,1,1,3,1,"fly (1,1)",0.1999999999999993,0.5337529845886593,-15.348003038853903,15.357281319596446,76.7864065979825,76.74001519426979,205.08114262515173,66.41431013544313,66.37260887260904,,,,,,
24,4.8,741.8925925925926,558.7222222222222,736,547,14,25,166.89259259259256,,217.27777777777783,,217.27777777777783,,0.8737832072910605,0.369520030234316,True,1,1,3,1,"fly (1,1)",0.20000000000000018,-0.288219215525487,-10.620951209512214,10.624861171377114,53.12430585688553,53.10475604756102,219.60978039604956,72.72346029173842,72.6431888544892,,,,,,
25,5.0,740.781954887218,541.1052631578948,735,530,13,25,165.78195488721803,,234.8947368421052,,234.8947368421052,,0.8679683501948589,0.39948084496956665,True,1,1,3,1,"fly (1,1)",0.20000000000000018,-1.110637705374529,-17.616959064327375,17.651933684069462,88.25966842034723,88.08479532163679,234.54998607630185,74.86081264434075,74.70102840126147,,,,,,
26,5.2,742.1578947368421,524.5225563909775,736,513,14,25,167.15789473684208,,251.47744360902254,,251.47744360902254,,0.8751722237530999,0.4276827272262288,True,1,1,3,1,"fly (1,1)",0.20000000000000018,1.3759398496240465,-16.58270676691734,16.63969273115792,83.19846365578952,82.91353383458663,251.81427080712933,86.48970655338468,86.32142365413729,,,,,,
27,5.4,741.5947955390335,506.92936802973975,735,495,14,25,166.5947955390335,,269.07063197026025,,269.07063197026025,,0.872224060413788,0.4576031155956807,True,1,1,3,1,"fly (1,1)",0.20000000000000018,-0.5630991978085831,-17.593188361237708,17.60219751680348,88.01098758401731,87.96594180618847,267.7177795790592,79.62964335695979,79.51754385964925,,,,,,
28,5.6,741.4097744360902,493.39473684210526,735,482,14,24,166.40977443609017,,282.60526315789474,,282.60526315789474,,0.8712553635397391,0.4806211958467598,True,1,1,3,1,"fly (1,1)",0.1999999999999993,-0.18502110294332397,-13.534631187634488,13.535895766214459,67.67947883107253,67.67315593817268,283.33388423463754,78.15713125261101,78.08052327789171,,,,,,
29,5.8,742.469696969697,477.67424242424244,736,466,14,25,167.469696969697,,298.32575757575756,,298.32575757575756,,0.8768046961764241,0.5073567305710163,True,1,1,3,1,"fly (1,1)",0.20000000000000018,1.059922533606823,-15.720494417862824,15.75618546854865,78.78092734274318,78.60247208931405,297.9398223162639,73.09525208423328,73.02969040813197,,,,,,
30,6.0,742.7330677290837,463.1115537848606,737,452,13,24,167.7330677290837,,312.8884462151394,,312.8884462151394,,0.8781836006758309,0.5321232078488766,True,1,1,3,1,"fly (1,1)",0.20000000000000018,0.26337075938670296,-14.56268863938186,14.565070015776836,72.82535007888411,72.81344319690923,315.08642858603673,85.82264092602325,85.73303134886392,,,,,,
31,6.2,741.9180327868853,441.95491803278685,736,431,13,24,166.9180327868853,,334.04508196721315,,334.04508196721315,,0.8739164020255775,0.568103880896621,True,1,1,3,1,"fly (1,1)",0.20000000000000018,-0.8150349421983947,-21.156635752073726,21.17232907128851,105.86164535644245,105.78317876036853,332.6923236017678,88.0686234754099,88.02947507865535,,,,,,
32,6.4,741.4877049180328,424.85655737704917,736,414,13,24,166.48770491803282,,351.14344262295083,,351.14344262295083,,0.8716633765342032,0.5971827255492361,True,1,1,3,1,"fly (1,1)",0.20000000000000018,-0.43032786885248697,-17.09836065573768,17.103774998180647,85.51887499090316,85.49180327868832,351.06284153005464,91.99279316791008,91.85258964143434,,,,,,
33,6.6,740.0288065843622,408.0,734,397,13,24,165.0288065843622,,368.0,,368.0,,0.8640251653631529,0.6258503401360545,True,1,1,3,1,"fly (1,1)",0.1999999999999993,-1.4588983336706178,-16.85655737704917,16.91957183127687,84.59785915638464,84.28278688524615,367.77181420765027,84.0647113673676,83.54486338797817,,,,,,
34,6.8,737.212,391.828,732,380,12,25,162.212,,384.172,,384.172,,0.8492774869109947,0.6533537414965986,True,1,1,3,1,"fly (1,1)",0.20000000000000018,-2.8168065843622117,-16.172000000000025,16.415479990963014,82.077399954815,80.86000000000006,384.56863276836157,84.77359939537764,83.98409280355655,,,,,,
35,7.0,734.7966101694915,374.46610169491527,729,363,13,25,159.7966101694915,,401.53389830508473,,401.53389830508473,,0.8366314668559763,0.6828807794304163,True,1,1,3,1,"fly (1,1)",0.20000000000000018,-2.415389830508502,-17.361898305084708,17.52910781498668,87.64553907493332,86.80949152542347,401.2421300361211,84.1565897882565,83.36748633879772,,,,,,
36,7.2,733.3565573770492,357.9795081967213,728,347,12,24,158.35655737704917,,418.0204918032787,,418.0204918032787,,0.829091923440048,0.7109192037470726,True,1,1,3,1,"fly (1,1)",0.20000000000000018,-1.4400527924423159,-16.48659349819394,16.549366067004247,82.74683033502116,82.43296749096963,416.7976999285943,78.20879822104943,77.77784946236552,,,,,,
37,7.4,732.5,345.1612903225806,727,333,13,26,157.5,,430.8387096774194,,430.8387096774194,,0.824607329842932,0.7327188940092166,True,1,1,3,1,"fly (1,1)",0.20000000000000018,-0.856557377049171,-12.818217874140714,12.846805050638771,64.23402525319379,64.09108937070351,431.9390615579918,76.02188628337593,75.70680814698765,,,,,,
38,7.6,730.7226890756302,329.0420168067227,725,318,13,25,155.72268907563023,,446.9579831932773,,446.9579831932773,,0.8153020370451844,0.7601326244783627,True,1,1,3,1,"fly (1,1)",0.1999999999999993,-1.7773109243697718,-16.119273515857913,16.216960652382507,81.08480326191282,80.59636757928985,447.51066232944794,78.09180886125296,77.8580038572807,,,,,,
39,7.8,730.0168067226891,311.2647058823529,724,300,13,25,155.01680672268913,,464.7352941176471,,464.7352941176471,,0.8116063179198384,0.7903661464585835,True,1,1,3,1,"fly (1,1)",0.20000000000000018,-0.7058823529411029,-17.777310924369772,17.79131961373047,88.95659806865227,88.88655462184877,463.4621848739496,79.9439505582742,79.75761272250834,,,,,,
40,8.0,729.9621848739496,297.3067226890756,724,286,13,25,154.96218487394958,,478.6932773109244,,478.6932773109244,,0.8113203396541863,0.814104213113817,True,1,1,3,1,"fly (1,1)",0.20000000000000018,-0.054621848739543566,-13.9579831932773,13.958090068851517,69.79045034425752,69.78991596638645,480.31821946169777,84.31641351609377,84.28017293874079,,,,,,
41,8.2,729.4260869565218,278.47391304347826,724,267,12,25,154.42608695652177,,497.52608695652174,,497.52608695652174,,0.8085135442749831,0.8461328009464656,True,1,1,3,1,"fly (1,1)",0.1999999999999993,-0.53609791742781,-18.832809645597365,18.84043842707424,94.20219213537153,94.16404822798717,495.89130324066383,77.97692160771281,77.86541889483057,,,,,,
42,8.4,728.1409090909091,264.54545454545456,723,253,12,25,153.14090909090908,,511.45454545454544,,511.45454545454544,,0.8017848643503093,0.8698206555349413,True,1,1,3,1,"fly (1,1)",0.20000000000000107,-1.2851778656126953,-13.928458498023701,13.987624468701949,69.93812234350938,69.64229249011814,510.6233313710649,74.02538698620891,73.66014065200551,,,,,,
43,8.6,726.268085106383,253.11063829787236,721,241,12,26,151.26808510638296,,522.8893617021276,,522.8893617021276,,0.7919795031747798,0.889267621942394,True,1,1,3,1,"fly (1,1)",0.1999999999999993,-1.8728239845261214,-11.434816247582205,11.587169295949131,57.93584647974586,57.17408123791123,523.9111725154279,66.85060198049085,66.43920572181429,,,,,,
44,8.8,725.2554112554112,238.6103896103896,720,227,12,26,150.25541125541122,,537.3896103896104,,537.3896103896104,,0.7866775458398493,0.913927908825868,True,1,1,3,1,"fly (1,1)",0.20000000000000107,-1.012673850971737,-14.500248687482753,14.535567423643537,72.6778371182173,72.50124343741352,537.7688316758394,69.99072432084051,69.2882958020574,,,,,,
45,9.0,722.5412844036697,222.9724770642202,718,211,11,26,147.5412844036697,,553.0275229357799,,553.0275229357799,,0.7724674576108361,0.9405229981901018,True,1,1,3,1,"fly (1,1)",0.1999999999999993,-2.7141268517415256,-15.637912546169417,15.87169787291162,79.35848936455838,78.18956273084751,548.749897154975,55.35555741179496,54.905327395678654,,,,,,
46,9.2,722.4651162790698,220.16744186046512,718,209,11,25,147.46511627906978,,555.8325581395349,,555.8325581395349,,0.7720686716181664,0.9452934662236987,True,1,1,3,1,"fly (1,1)",0.1999999999999993,-0.07616812459991706,-2.805035203755068,2.80606915052183,14.0303457526092,14.025176018774964,557.8114145849136,45.77409144787217,45.3075871496924,,,,,,
47,9.4,723.3540669856459,211.42583732057417,718,200,12,25,148.3540669856459,,564.5741626794259,,564.5741626794259,,0.7767228637991931,0.9601601406112684,True,1,1,3,1,"fly (1,1)",0.20000000000000107,0.8889507065761109,-8.741604539890943,8.786687845289835,43.93343922644894,43.708022699454766,565.4394495753126,38.60252464922963,38.14017495199474,,,,,,
48,9.6,725.6558139534884,200.08837209302325,720,188,12,26,150.6558139534884,,575.9116279069767,,575.9116279069767,,0.788773895044442,0.9794415440594842,True,1,1,3,1,"fly (1,1)",0.1999999999999993,2.3017469678425186,-11.337465227550922,11.568757793726107,57.84378896863074,56.687326137754525,574.0579112829381,44.32862748326986,43.09230853812752,,,,,,
49,9.8,723.2907801418439,194.31205673758865,719,188,11,17,148.29078014184392,,581.6879432624114,,581.6879432624114,,0.7763915190672457,0.9892652096299513,True,1,1,3,1,"fly (1,1)",0.20000000000000107,-2.36503381164448,-5.776315355434605,6.241730850946012,31.208654254729893,28.881576777173297,578.7997855846941,44.52622161168033,42.784451457463895,,,,,,
0,0.0,624.6206896551724,496.7528735632184,619,488,12,19,49.62068965517244,,279.2471264367816,,279.2471264367816,,0.2597941866762955,0.4749100789741184,True,2,2,3,1,"fly (1,2)",,,,,,,292.2959770114943,67.9488673181848,65.24425287356323,,,,,,
1,0.2,632.2126436781609,470.6551724137931,627,462,12,19,57.21264367816093,,305.3448275862069,,305.3448275862069,,0.2995426370584342,0.5192939244663383,True,2,2,3,1,"fly (1,2)",0.2,7.591954022988489,-26.09770114942529,27.179546927273922,135.8977346363696,130.48850574712645,306.64761040532363,96.10279430368443,93.50625126033474,,,,,,
2,0.4,637.578947368421,440.64912280701753,633,432,11,19,62.57894736842104,,335.35087719298247,,335.35087719298247,,0.32763846789749235,0.5703246210765008,True,2,2,3,1,"fly (1,2)",0.2,5.366303690260111,-30.006049606775548,30.482129654936745,152.41064827468372,150.03024803387774,334.25273492639644,141.25123317051612,138.02562260536396,,,,,,
3,0.6,642.0852272727273,413.9375,637,404,11,21,67.08522727272725,,362.0625,,362.0625,,0.3512315564017134,0.6157525510204082,True,2,2,3,1,"fly (1,2)",0.19999999999999996,4.506279904306211,-26.711622807017534,27.089063320099005,135.44531660049506,133.5581140350877,363.2424932523616,146.38770345394116,144.94879162982602,,,,,,
4,0.8,641.3141025641025,383.68589743589746,637,375,10,19,66.31410256410254,,392.31410256410254,,392.31410256410254,,0.347194254262317,0.6672008547008547,True,2,2,3,1,"fly (1,2)",0.20000000000000007,-0.7711247086247113,-30.25160256410254,30.261429097328946,151.30714548664469,151.25801282051265,391.4690301229935,142.883919239698,141.13268435315925,,,,,,
5,1.0,635.2134146341464,355.969512195122,630,347,12,19,60.213414634146375,,420.030487804878,,420.030487804878,,0.3152534797599287,0.7143375642940102,True,2,2,3,1,"fly (1,2)",0.19999999999999996,-6.100687929956166,-27.71638524077548,28.379859126390844,141.89929563195426,138.58192620387743,419.7986241400875,146.137577455567,141.6479700854701,,,,,,
6,1.2,624.5705128205128,328.94871794871796,619,320,12,19,49.57051282051282,,447.05128205128204,,447.05128205128204,,0.25953148073566923,0.7602912960055818,True,2,2,3,1,"fly (1,2)",0.19999999999999996,-10.642901813633557,-27.020794246404023,29.041258249620405,145.20629124810205,135.10397123202014,446.4658531099481,140.31631285938042,133.33614484930283,,,,,,
7,1.4,615.7236842105264,303.6842105263158,611,295,11,18,40.72368421052636,,472.3157894736842,,472.3157894736842,,0.21321300633783433,0.8032581453634086,True,2,2,3,1,"fly (1,2)",0.19999999999999996,-8.84682860998646,-25.264507422402176,26.76867033961698,133.84335169808492,126.3225371120109,470.9728473710672,129.5177381304304,122.53497130559545,,,,,,
8,1.6,610.3676470588235,282.4485294117647,606,274,10,18,35.367647058823536,,493.5514705882353,,493.5514705882353,,0.18517092700954732,0.8393732492997199,True,2,2,3,1,"fly (1,2)",0.20000000000000018,-5.356037151702822,-21.235681114551085,21.90071428902086,109.50357144510421,106.17840557275532,494.5672821760283,122.20192111081742,117.97217402480562,,,,,,
9,1.8,606.1203007518797,258.16541353383457,602,250,10,17,31.120300751879654,,517.8345864661654,,517.8345864661654,,0.16293351178994583,0.8806710654186487,True,2,2,3,1,"fly (1,2)",0.19999999999999996,-4.247346306943882,-24.28311587793013,24.651768037852623,123.25884018926314,121.41557938965067,517.2939517912429,115.70680469194436,113.63334807607248,,,,,,
10,2.0,603.0252100840336,235.50420168067228,599,228,10,16,28.025210084033574,,540.4957983193277,,540.4957983193277,,0.14672884860750562,0.9192105413594008,True,2,2,3,1,"fly (1,2)",0.19999999999999996,-3.0950906678460797,-22.661211853162285,22.871600488293137,114.35800244146571,113.30605926581146,534.8674382033515,88.9361227539353,87.86743206054355,,,,,,
11,2.2,602.1754385964912,229.7280701754386,598,223,10,15,27.175438596491176,,546.2719298245614,,546.2719298245614,,0.1422797832277025,0.9290338942594583,True,2,2,3,1,"fly (1,2)",0.20000000000000018,-0.8497714875423981,-5.776131505233678,5.838305126215407,29.19152563107701,28.88065752616851,544.2217213471083,48.565130173347846,46.771415718784134,,,,,,
12,2.4,601.965811965812,230.1025641025641,598,223,9,16,26.96581196581201,,545.8974358974359,,545.8974358974359,,0.14118226160111,0.9283969998255713,True,2,2,3,1,"fly (1,2)",0.19999999999999973,-0.20962663067916765,0.374493927125485,0.4291724895001638,2.145862447500822,-1.8724696356275696,546.0096716149347,10.52169469214979,8.93975133913215,,,,,,
13,2.6,601.9912280701755,230.140350877193,598,223,9,15,26.991228070175453,,545.859649122807,,545.859649122807,,0.14131533021034268,0.9283327366034133,True,2,2,3,1,"fly (1,2)",0.20000000000000018,0.025416104363443992,0.037786774628898456,0.045539199574307854,0.22769599787153907,-0.18893387314449211,546.870951417004,5.867834562348354,4.306399010346436,,,,,,
14,2.8,601.4423076923077,227.14423076923077,597,221,10,13,26.442307692307736,,548.8557692307693,,548.8557692307693,,0.138441401530407,0.9334281789638933,True,2,2,3,1,"fly (1,2)",0.19999999999999973,-0.5489203778677165,-2.996120107962213,3.045989048334537,15.229945241672704,14.980600539811368,548.4067896162086,8.072245561572904,7.6791909960227684,,,,,,
15,3.0,600.8514851485148,225.4950495049505,596,220,11,13,25.851485148514826,,550.5049504950496,,550.5049504950496,,0.13534808978280014,0.9362329090051863,True,2,2,3,1,"fly (1,2)",0.20000000000000018,-0.5908225437929104,-1.649181264280287,1.7518190890348957,8.75909544517447,8.245906321401428,549.7141096404071,9.202477159615215,6.5366001209921905,,,,,,
16,3.2,600.8735632183908,226.2183908045977,597,221,9,12,25.873563218390814,,549.7816091954023,,549.7816091954023,,0.13546368177167964,0.9350027367268747,True,2,2,3,1,"fly (1,2)",0.20000000000000018,0.02207806987598815,0.7233412996472168,0.7236781583996947,3.6183907919984706,-3.616706498236223,548.1116489290754,13.768505417299307,-8.012303556658571,,,,,,
17,3.4,600.0967741935484,231.9516129032258,596,228,9,9,25.096774193548413,,544.0483870967741,,544.0483870967741,,0.13139672352643147,0.9252523590081193,True,2,2,3,1,"fly (1,2)",0.19999999999999973,-0.776789024842401,5.73322209862809,5.785606002944989,28.928030014724982,-28.666110493140916,543.282220986281,24.547930300740507,-24.14713971397153,,,,,,
18,3.6,598.35,239.98333333333335,595,236,8,9,23.350000000000023,,536.0166666666667,,536.0166666666667,,0.12225130890052367,0.911592970521542,True,2,2,3,1,"fly (1,2)",0.20000000000000018,-1.74677419354839,8.031720430107555,8.219474019099623,41.09737009549808,-40.158602150537455,533.8237679211469,47.76180321828806,-47.29226532567058,,,,,,
19,3.8,599.453125,254.59375,596,250,8,10,24.453125,,521.40625,,521.40625,,0.128026832460733,0.8867453231292517,True,2,2,3,1,"fly (1,2)",0.19999999999999973,1.1031249999999773,14.610416666666652,14.6520019089282,73.2600095446411,-73.05208333333336,523.2118055555555,53.75641771932396,-53.05981182795697,,,,,,
20,4.0,601.325,263.7875,598,258,8,12,26.325000000000045,,512.2125,,512.2125,,0.1378272251308903,0.871109693877551,True,2,2,3,1,"fly (1,2)",0.20000000000000018,1.8718750000000455,9.193750000000023,9.382374703566553,46.911873517832724,-45.96875000000007,515.8582646520146,43.06130741845777,-36.767704517704594,,,,,,
21,4.2,600.8681318681319,262.04395604395603,597,256,9,14,25.868131868131854,,513.9560439560439,,513.9560439560439,,0.13543524538288929,0.8740749046871495,True,2,2,3,1,"fly (1,2)",0.20000000000000018,-0.4568681318681911,-1.7435439560439931,1.8024078385799005,9.012039192899495,8.717719780219674,514.3575997583976,23.674928598924584,-7.503324468085185,,,,,,
22,4.4,600.2127659574468,259.09574468085106,596,253,10,14,25.212765957446777,,516.9042553191489,,516.9042553191489,,0.13200401024841243,0.8790888695903892,True,2,2,3,1,"fly (1,2)",0.20000000000000018,-0.6553659106850773,-2.9482113631049742,3.0201746172083115,15.100873086041544,14.741056815524859,517.0505204703717,13.692949891178747,13.464603559870634,,,,,,
23,4.6,600.4174757281553,255.70873786407768,596,249,9,15,25.417475728155296,,520.2912621359224,,520.2912621359224,,0.13307578915264553,0.884849085265174,True,2,2,3,1,"fly (1,2)",0.1999999999999993,0.2047097707085186,-3.387006816773379,3.3931874789190286,16.965937394595205,16.935034083867382,509.8985058183571,71.47866662825042,-35.76007326007314,,,,,,
24,4.8,624.0392156862745,283.5,619,278,11,12,49.039215686274474,,492.5,,492.5,,0.2567498203469868,0.8375850340136054,True,2,2,3,1,"fly (1,2)",0.20000000000000018,23.62173995811918,27.791262135922324,36.473837880822934,182.3691894041145,-138.95631067961165,506.3956310679611,99.66756339935486,-61.01063829787214,,,,,,
0,0.0,616.3153153153153,196.35135135135135,613,188,8,18,41.315315315315274,,579.6486486486486,,579.6486486486486,,0.2163105513890852,0.9857970215113072,True,3,3,3,1,"fly (1,3)",,,,,,,582.1262111167771,13.891960618132945,12.387812340642483,,,,,,
1,0.2,618.8301886792453,191.39622641509433,616,188,7,9,43.83018867924534,,584.6037735849056,,584.6037735849056,,0.22947742764002796,0.9942241047362341,True,3,3,3,1,"fly (1,3)",0.2,2.5148733639300644,-4.955124936257022,5.556784247253178,27.78392123626589,24.775624681284967,583.7508074111847,13.425823682522221,12.252252252252257,,,,,,
2,0.4,619.5384615384615,189.0,618,188,5,4,44.53846153846155,,587.0,,587.0,,0.23318566250503428,0.9982993197278912,True,3,3,3,1,"fly (1,3)",0.2,0.7082728592162084,-2.3962264150943327,2.498709962260154,12.49354981130077,11.981132075471805,585.8018867924527,20.138735523783332,18.378378378378386,,,,,,
2,0.4,722.8205128205128,189.92307692307693,719,188,9,6,147.82051282051282,,586.0769230769231,,586.0769230769231,,0.7739293864948315,0.9967294610151753,True,4,4,3,1,"fly (1,4)",,,,,,,585.3978365384615,22.50323018608755,-3.395432692307737,,,,,,
3,0.6,731.71875,191.28125,725,188,14,9,156.71875,,584.71875,,584.71875,,0.8205170157068062,0.9944196428571429,True,4,4,3,1,"fly (1,4)",0.19999999999999996,8.898237179487182,1.358173076923066,9.001292074435018,45.0064603721751,-6.790865384615474,584.401587995338,25.88410419225774,-6.113053613053694,,,,,,
4,0.8,737.8257575757575,193.5909090909091,732,188,14,13,162.8257575757575,,582.4090909090909,,582.4090909090909,,0.852490877359987,0.9904916512059369,True,4,4,3,1,"fly (1,4)",0.20000000000000007,6.107007575757507,2.3096590909090935,6.529170440919627,32.64585220459812,-11.548295454545606,583.7642964842601,35.62147807472696,-3.1864575553896644,,,,,,
5,1.0,743.3980582524272,191.83495145631068,738,188,13,10,168.39805825242718,,584.1650485436893,,584.1650485436893,,0.8816652264524983,0.9934779737137573,True,4,4,3,1,"fly (1,4)",0.19999999999999996,5.57230067666967,-1.755957634598417,5.842424329481532,29.212121647407667,8.779788172992086,583.8195849457985,23.18127732598307,0.276442307692266,,,,,,
6,1.2,744.7564102564103,191.1153846153846,740,188,11,8,169.75641025641028,,584.8846153846154,,584.8846153846154,,0.8887770170492685,0.9947017268445839,True,4,4,3,1,"fly (1,4)",0.19999999999999996,1.3583520039831,-0.7195668409260634,1.5371716251886836,7.68585812594342,3.597834204630318,584.831369457583,19.525063554567723,5.0589225589226325,,,,,,
7,1.4,749.0555555555555,190.55555555555554,748,188,3,7,174.05555555555554,,585.4444444444445,,585.4444444444445,,0.9112856311809191,0.9956538170823885,True,4,4,3,1,"fly (1,4)",0.19999999999999996,4.299145299145266,-0.5598290598290703,4.335442178070415,21.67721089035208,2.799145299145494,585.1645299145299,14.68153450814775,3.198489751887906,,,,,,
11,2.2,694.6767676767677,771.3939393939394,690,766,11,11,119.67676767676767,,4.606060606060623,,4.606060606060623,,0.626579935480459,0.007833436404865005,True,5,5,3,1,"fly (1,5)",,,,,,,9.447009360621962,34.16613769518177,24.204743772806726,,,,,,
12,2.4,685.0314136125654,761.7120418848167,678,753,15,19,110.03141361256542,,14.2879581151833,,14.2879581151833,,0.5760806995422273,0.024299248495209695,True,5,5,3,1,"fly (1,5)",0.19999999999999973,-9.645354064202252,-9.681897509122678,13.666455078072689,68.33227539036353,48.40948754561345,11.828803341863932,30.44603414242704,19.977217830478764,,,,,,
13,2.6,681.0489130434783,759.4076086956521,675,750,13,20,106.04891304347825,,16.59239130434787,,16.59239130434787,,0.5552299112223992,0.028218352558414747,True,5,5,3,1,"fly (1,5)",0.20000000000000018,-3.982500569087165,-2.3044331891645697,4.601165407383523,23.005827036917594,11.522165945822838,15.67661131853788,31.72456854009036,19.23903988336976,,,,,,
14,2.8,681.6752577319587,759.8505154639175,675,751,14,20,106.67525773195871,,16.14948453608247,,16.14948453608247,,0.5585092027851242,0.027465109755242294,True,5,5,3,1,"fly (1,5)",0.19999999999999973,0.626344688480458,0.4429067682654022,0.7671206385979878,3.8356031929899443,-2.214533841327014,16.34035455256306,9.341783535615361,3.3187161701259007,,,,,,
15,3.0,681.4771573604061,759.7208121827412,675,750,14,21,106.47715736040607,,16.279187817258844,,16.279187817258844,,0.5574720280649532,0.027685693566766742,True,5,5,3,1,"fly (1,5)",0.20000000000000018,-0.19810037155264126,-0.12970328117637564,0.23678407538770946,1.1839203769385462,0.6485164058818776,18.449628373099586,12.764081638430573,10.546369102682613,,,,,,
16,3.2,681.0531914893617,753.0797872340426,676,744,12,19,106.05319148936167,,22.920212765957444,,22.920212765957444,,0.5552523114626265,0.0389799536836011,True,5,5,3,1,"fly (1,5)",0.20000000000000018,-0.42396587104440187,-6.6410249486986,6.654544269072653,33.27272134536323,33.20512474349297,22.497938942290375,20.595555288824702,20.24155284595395,,,,,,
17,3.4,682.0507614213197,747.7055837563452,677,738,12,21,107.05076142131975,,28.294416243654837,,28.294416243654837,,0.5604751906875379,0.04811975551641979,True,5,5,3,1,"fly (1,5)",0.19999999999999973,0.9975699319580826,-5.374203477697392,5.466004828834457,27.33002414417232,26.871017388486997,27.3272064336248,24.58401169003325,24.146337456672125,,,,,,
18,3.6,682.9466019417475,745.2330097087379,678,735,11,22,107.94660194174753,,30.76699029126212,,30.76699029126212,,0.5651654551923955,0.05232481342051381,True,5,5,3,1,"fly (1,5)",0.20000000000000018,0.8958405204277824,-2.4725740476072815,2.629857916112841,13.149289580564194,12.362870238036397,32.651010716893516,29.418120002250006,26.6190214163436,,,,,,
19,3.8,687.9753694581281,737.1083743842364,681,728,15,20,112.97536945812806,,38.89162561576359,,38.89162561576359,,0.5914940809326076,0.06614222043497209,True,5,5,3,1,"fly (1,5)",0.19999999999999973,5.028767516380526,-8.124635324501469,9.555009256402688,47.7750462820135,40.6231766225074,39.19426217437982,39.41304829038781,32.71625728743155,,,,,,
20,4.0,695.0331753554502,728.0758293838862,688,719,16,20,120.03317535545023,,47.92417061611377,,47.92417061611377,,0.628445944269373,0.08150369152400301,True,5,5,3,1,"fly (1,5)",0.20000000000000018,7.057805897322169,-9.032545000350183,11.462961801717158,57.31480900858574,45.16272500175087,48.86523351269917,56.383243351652446,48.3548566915967,,,,,,
21,4.2,699.88995215311,716.2200956937799,693,706,14,22,124.88995215311002,,59.779904306220146,,59.779904306220146,,0.6538740950424609,0.1016665039221431,True,5,5,3,1,"fly (1,5)",0.20000000000000018,4.856776797659791,-11.855733690106376,12.811974952871624,64.05987476435807,59.27866845053183,62.8888387456293,76.23470039257354,70.1180261646506,,,,,,
22,4.4,703.3661971830986,695.037558685446,697,685,14,21,128.36619718309862,,80.96244131455398,,80.96244131455398,,0.6720743308015634,0.13769122672543194,True,5,5,3,1,"fly (1,5)",0.20000000000000018,3.476245029988604,-21.18253700833384,21.465883480955384,107.32941740477682,105.91268504166909,81.99245622074962,98.16205016157676,95.5180873756017,,,,,,
23,4.6,707.483870967742,670.7649769585253,702,661,13,22,132.48387096774195,,105.23502304147473,,105.23502304147473,,0.6936328322918427,0.17897112762155568,True,5,5,3,1,"fly (1,5)",0.1999999999999993,4.11767378464333,-24.27258172692075,24.619371663118983,123.09685831559536,121.36290863460417,102.5339696001577,103.90143480133747,102.70756689704046,,,,,,
24,4.8,709.1555555555556,654.5955555555556,703,644,13,23,134.15555555555557,,121.40444444444438,,121.40444444444438,,0.7023851076207097,0.20647014361300065,True,5,5,3,1,"fly (1,5)",0.20000000000000018,1.6716845878136155,-16.169421402969647,16.255605736728068,81.27802868364027,80.84710701484816,122.03318712754424,98.29728611043898,97.49608763693278,,,,,,
25,5.0,710.4694835680751,636.5399061032864,705,626,12,22,135.46948356807513,,139.4600938967136,,139.4600938967136,,0.7092643118747389,0.23717703043658775,True,5,5,3,1,"fly (1,5)",0.20000000000000018,1.3139280125195683,-18.055649452269222,18.10339426641627,90.51697133208127,90.27824726134602,135.86029483166806,71.9625225489538,69.13553852061904,,,,,,
26,5.2,715.4807692307693,629.2836538461538,710,619,12,22,140.48076923076928,,146.7163461538462,,146.7163461538462,,0.7355014095851795,0.24951759549973843,True,5,5,3,1,"fly (1,5)",0.20000000000000018,5.011285662694149,-7.256252257132587,8.818513526227973,44.09256763113982,36.2812612856629,146.36734048196956,59.29106711227416,52.53522825150748,,,,,,
27,5.4,721.506976744186,623.0744186046511,716,613,13,22,146.50697674418598,,152.9255813953489,,152.9255813953489,,0.7670522342627538,0.2600775193798451,True,5,5,3,1,"fly (1,5)",0.20000000000000018,6.0262075134166935,-6.209235241502711,8.652732474720287,43.26366237360139,31.046176207513525,155.16087850459894,51.977999753820434,43.96769011314694,,,,,,
28,5.6,726.1238938053098,610.1592920353983,720,600,14,23,151.12389380530976,,165.84070796460173,,165.84070796460173,,0.7912245748969098,0.2820420203479621,True,5,5,3,1,"fly (1,5)",0.1999999999999993,4.616917061123786,-12.915126569252834,13.71555385134397,68.57776925672009,64.5756328462644,167.22967221089266,66.34310343511525,60.343968531468626,,,,,,
29,5.8,729.6272727272727,593.0772727272727,724,583,13,22,154.62727272727273,,182.92272727272734,,182.92272727272734,,0.8095668729176583,0.3110930735930737,True,5,5,3,1,"fly (1,5)",0.20000000000000018,3.5033789219629625,-17.08201930812561,17.437575735004867,87.18787867502425,85.41009654062798,183.26817704258005,82.25850802720588,80.19252415843692,,,,,,
30,6.0,731.3698630136986,574.958904109589,726,565,12,22,156.3698630136986,,201.04109589041104,,201.04109589041104,,0.8186903822706733,0.34190662566396435,True,5,5,3,1,"fly (1,5)",0.20000000000000018,1.742590286425866,-18.1183686176837,18.201975229974668,91.00987614987326,90.59184308841841,203.68909047966682,103.1224689650217,102.10456718543384,,,,,,
31,6.2,728.3743842364532,548.8965517241379,723,539,12,21,153.37438423645324,,227.1034482758621,,227.1034482758621,,0.8030072473112735,0.38623035421064983,True,5,5,3,1,"fly (1,5)",0.20000000000000018,-2.995478777245353,-26.06235238545105,26.233930414033527,131.16965207016753,130.31176192725513,225.346972407756,109.18343734114501,108.2894096404458,,,,,,
32,6.4,724.9430051813472,528.1036269430051,719,519,12,20,149.9430051813472,,247.8963730569949,,247.8963730569949,,0.7850419119442261,0.42159247118536547,True,5,5,3,1,"fly (1,5)",0.20000000000000018,-3.4313790551060492,-20.792924781132797,21.074156760678868,105.37078380339425,103.9646239056639,247.39958202134662,112.3114963794447,110.26304806795297,,,,,,
33,6.6,719.4139784946236,508.8010752688172,714,500,12,19,144.41397849462362,,267.1989247311828,,267.1989247311828,,0.7560941282441027,0.45441994001901836,True,5,5,3,1,"fly (1,5)",0.1999999999999993,-5.529026686723569,-19.302551674187896,20.078810652954406,100.39405326477238,96.51275837093982,267.1517659293925,102.03387361071077,98.76091954022992,,,,,,
34,6.8,713.4514285714286,489.64,708,481,12,19,138.45142857142855,,286.36,,286.36,,0.7248765893792071,0.4870068027210885,True,5,5,3,1,"fly (1,5)",0.20000000000000018,-5.96254992319507,-19.16107526881723,20.06735675279315,100.33678376396566,95.80537634408606,285.8205939580133,97.40851657064285,93.34414014310384,,,,,,
35,7.0,708.2457142857143,472.09714285714284,703,463,12,19,133.24571428571426,,303.90285714285716,,303.90285714285716,,0.6976215407629018,0.5168415937803693,True,5,5,3,1,"fly (1,5)",0.20000000000000018,-5.2057142857142935,-17.542857142857144,18.298942536638116,91.4947126831905,87.71428571428565,304.75790890269155,98.38624687812246,94.6865747233909,,,,,,
36,7.2,703.4782608695652,451.9891304347826,698,443,12,20,128.47826086956525,,324.0108695652174,,324.0108695652174,,0.6726610516731165,0.5510388938183969,True,5,5,3,1,"fly (1,5)",0.20000000000000018,-4.76745341614901,-20.10801242236022,20.665448837442263,103.32724418721122,100.540062111801,322.76928145171115,92.35436593126666,90.05686274509792,,,,,,
37,7.4,702.0176470588235,435.6058823529412,697,427,11,19,127.01764705882351,,340.3941176470588,,340.3941176470588,,0.6650138589467199,0.5789015606242497,True,5,5,3,1,"fly (1,5)",0.20000000000000018,-1.4606138107417337,-16.38324808184143,16.44822818467966,82.24114092339823,81.91624040920708,343.10817581405377,102.7347597234849,101.69447181171326,,,,,,
38,7.6,701.7241379310344,411.08045977011494,697,402,11,19,126.72413793103442,,364.91954022988506,,364.91954022988506,,0.6634771619425885,0.620611462975995,True,5,5,3,1,"fly (1,5)",0.1999999999999993,-0.2935091277890933,-24.525422582826252,24.527178811968966,122.63589405984527,122.6271129141317,365.03258292867827,110.4224975924087,109.6220355731226,,,,,,
39,7.8,697.1704545454545,386.2159090909091,692,377,11,20,122.1704545454545,,389.7840909090909,,389.7840909090909,,0.6396358876725367,0.6628981137909709,True,5,5,3,1,"fly (1,5)",0.20000000000000018,-4.553683385579916,-24.86455067920582,25.278091558796543,126.3904577939826,124.32275339602899,387.8216649251132,115.01714557198538,113.94540998217478,,,,,,
40,8.0,694.2215909090909,367.2386363636364,689,358,11,20,119.22159090909088,,408.7613636363636,,408.7613636363636,,0.6241968110423606,0.6951723871366728,True,5,5,3,1,"fly (1,5)",0.20000000000000018,-2.948863636363626,-18.977272727272748,19.205016972425664,96.02508486212824,94.88636363636365,410.61754802931273,115.08812261426426,113.97941552099779,,,,,,
41,8.2,693.1372549019608,342.6928104575163,689,334,10,19,118.13725490196077,,433.3071895424837,,433.3071895424837,,0.6185196591725695,0.7369169890178294,True,5,5,3,1,"fly (1,5)",0.1999999999999993,-1.084336007130105,-24.545825906120058,24.569765037336303,122.84882518668195,122.72912953060073,432.16482636825776,108.49174001222575,107.736391694725,,,,,,
42,8.4,696.0617283950618,321.5740740740741,691,313,11,19,121.06172839506178,,454.4259259259259,,454.4259259259259,,0.6338310387176009,0.7728332073570169,True,5,5,3,1,"fly (1,5)",0.20000000000000107,2.9244734931010044,-21.11873638344224,21.320261997573514,106.601309987867,105.59368191721063,454.0081813466127,109.69240024924723,109.216774891775,,,,,,
43,8.6,697.6057142857143,301.7085714285714,693,292,11,21,122.60571428571427,,474.2914285714286,,474.2914285714286,,0.6419147344801794,0.8066180758017493,True,5,5,3,1,"fly (1,5)",0.1999999999999993,1.5439858906524933,-19.86550264550266,19.92541311463848,99.62706557319275,99.32751322751365,475.10877628544296,105.93934684195851,105.50297469415086,,,,,,
44,8.8,697.7371794871794,279.39102564102564,693,270,10,20,122.73717948717945,,496.60897435897436,,496.60897435897436,,0.6426030339642903,0.8445730856445143,True,5,5,3,1,"fly (1,5)",0.20000000000000107,0.1314652014651756,-22.317545787545782,22.317932992963275,111.58966496481578,111.58772893772831,494.35430097680097,96.51462085420151,96.22762345679018,,,,,,
45,9.0,699.60625,263.8375,695,255,10,19,124.60625000000005,,512.1625,,512.1625,,0.6523887434554976,0.8710246598639456,True,5,5,3,1,"fly (1,5)",0.1999999999999993,1.869070512820599,-15.553525641025658,15.665426404919147,78.32713202459601,77.76762820512856,514.7623992098048,102.33548287544419,102.04049116501953,,,,,,
46,9.2,701.3459119496855,240.48427672955975,697,232,11,20,126.3459119496855,,535.5157232704403,,535.5157232704403,,0.6614969212025419,0.9107410259701365,True,5,5,3,1,"fly (1,5)",0.1999999999999993,1.7396619496854555,-23.353223270440225,23.417930327384063,117.08965163692073,116.76611635220168,531.581482812001,84.66275901568802,84.09541801098094,,,,,,
47,9.4,703.2980132450331,228.9337748344371,699,221,11,19,128.29801324503308,,547.0662251655629,,547.0662251655629,,0.671717346832634,0.9303847366761273,True,5,5,3,1,"fly (1,5)",0.20000000000000107,1.9521012953475747,-11.550501895122665,11.714298677109523,58.571493385547306,57.75250947561259,544.6474975512301,72.26795785949194,65.33007369614519,,,,,,
48,9.6,696.2789115646258,224.63945578231292,692,216,10,19,121.27891156462579,,551.3605442176871,,551.3605442176871,,0.6349681233750041,0.9376880003702162,True,5,5,3,1,"fly (1,5)",0.1999999999999993,-7.019101680407289,-4.294319052124166,8.228545711201525,41.14272855600777,21.47159526062133,552.0818397944166,48.96383542124585,37.17171121593278,,,,,,
49,9.8,689.4,218.18125,685,209,10,20,114.39999999999998,,557.81875,,557.81875,,0.5989528795811517,0.948671343537415,True,5,5,3,1,"fly (1,5)",0.20000000000000107,-6.87891156462581,-6.458205782312916,9.435456864436544,47.177284322182466,32.29102891156441,554.5896471088436,44.16000643909511,26.881312086092873,,,,,,
24,4.8,603.6842105263158,188.6315789473684,600,188,9,3,28.684210526315837,,587.3684210526316,,587.3684210526316,,0.1501791127032243,0.9989258861439312,True,6,6,3,1,"fly (1,6)",,,,,,,586.7799552071668,13.975065869294417,-2.942329227323623,,,,,,
25,5.0,609.1489361702128,189.80851063829786,604,188,11,6,34.14893617021278,,586.1914893617021,,586.1914893617021,,0.1787902417288627,0.9969243016355478,True,6,6,3,1,"fly (1,6)",0.20000000000000018,5.464725643896941,1.1769316909294503,5.590026347717772,27.950131738588833,-5.884658454647246,563.875902341501,74.21627304358427,-58.73129677782624,,,,,,
27,5.4,646.8898305084746,257.93220338983053,642,252,11,15,71.88983050847457,,518.0677966101695,,518.0677966101695,,0.37638654716478837,0.8810676813098121,True,6,6,3,1,"fly (1,6)",0.40000000000000036,37.740894338261796,68.12369275153267,77.87947495686566,194.69868739216398,-170.30923187883147,552.1296429859358,111.3244095653764,-88.09694516673936,,,,,,
25,5.0,749.0769230769231,398.1923076923077,748,394,3,10,174.0769230769231,,377.8076923076923,,377.8076923076923,,0.9113975030205398,0.6425300889586604,True,7,7,3,1,"fly (1,7)",,,,,,,387.9389338731444,50.69193396094657,50.65620782726039,,,,,,
26,5.2,748.3157894736842,377.9298245614035,746,372,5,14,173.31578947368416,,398.0701754385965,,398.0701754385965,,0.907412510333425,0.6769900942833273,True,7,7,3,1,"fly (1,7)",0.20000000000000018,-0.7611336032389318,-20.262483130904172,20.276773584378645,101.38386792189314,101.31241565452078,397.55484480431846,64.99153782214835,64.96495726495714,,,,,,
27,5.4,748.0666666666666,359.21333333333337,746,352,5,16,173.0666666666666,,416.78666666666663,,416.78666666666663,,0.9061082024432806,0.7088208616780045,True,7,7,3,1,"fly (1,7)",0.20000000000000018,-0.24912280701755662,-18.71649122807014,18.71814910891039,93.59074554455187,93.58245614035062,415.21450292397657,88.32487115548174,88.29829059829054,,,,,,
28,5.6,748.0666666666666,345.21333333333337,746,338,5,16,173.0666666666666,,430.78666666666663,,430.78666666666663,,0.9061082024432806,0.7326303854875282,True,7,7,3,1,"fly (1,7)",0.1999999999999993,0.0,-14.0,14.0,70.00000000000026,70.00000000000026,430.3965374677002,75.920185331137,75.91017271861824,,,,,,
29,5.8,747.7325581395348,332.3837209302326,745,325,6,17,172.73255813953483,,443.6162790697674,,443.6162790697674,,0.9043589431389258,0.7544494542002848,True,7,7,3,1,"fly (1,7)",0.20000000000000018,-0.3341085271317752,-12.829612403100782,12.833962089771795,64.16981044885891,64.14806201550385,439.58749876607726,45.962515672507955,45.95480649188523,,,,,,
30,6.0,747.7528089887641,331.64044943820227,745,324,6,17,172.75280898876406,,444.35955056179773,,444.35955056179773,,0.9044649685275605,0.7557135213636016,True,7,7,3,1,"fly (1,7)",0.20000000000000018,0.02025084922922815,-0.743271492030317,0.7435473137329449,3.7177365686647215,3.7163574601515816,451.92872481971716,62.34878588196178,61.70613026819925,,,,,,
31,6.2,743.5086206896551,308.1896551724138,740,301,9,17,168.50862068965512,,467.8103448275862,,467.8103448275862,,0.8822440873803933,0.7955958245367113,True,7,7,3,1,"fly (1,7)",0.20000000000000018,-4.2441882991089415,-23.45079426578849,23.83176212567236,119.15881062836169,117.25397132894234,467.6883522265689,79.93157918745617,78.79813703425852,,,,,,
32,6.4,739.7822580645161,285.10483870967744,736,277,9,18,164.7822580645161,,490.89516129032256,,490.89516129032256,,0.8627343354163146,0.8348557164801405,True,7,7,3,1,"fly (1,7)",0.20000000000000018,-3.726362625139018,-23.08481646273634,23.383638073068436,116.91819036534207,115.42408231368161,490.22991936213765,114.38323994310845,112.70783567784373,,,,,,
33,6.6,736.0629921259842,264.01574803149606,732,256,9,18,161.06299212598424,,511.98425196850394,,511.98425196850394,,0.8432617388794986,0.870721516953238,True,7,7,3,1,"fly (1,7)",0.1999999999999993,-3.719265938531862,-21.08909067818138,21.414543767124247,107.07271883562161,105.44545339090726,512.1518044196088,110.9374318464682,109.60942528735639,,,,,,
34,6.8,733.328,242.424,730,234,9,18,158.32799999999997,,533.576,,533.576,,0.8289424083769632,0.9074421768707484,True,7,7,3,1,"fly (1,7)",0.20000000000000018,-2.734992125984263,-21.591748031496053,21.764277267688204,108.82138633844092,107.9587401574803,530.2086085796653,91.58563351491198,90.28402080028218,,,,,,
35,7.0,730.7622950819672,230.9344262295082,727,223,9,18,155.76229508196718,,545.0655737704918,,545.0655737704918,,0.8155093983349067,0.926982268317163,True,7,7,3,1,"fly (1,7)",0.20000000000000018,-2.565704918032793,-11.489573770491802,11.772559074134683,58.86279537067337,57.44786885245896,541.1244270291884,56.55160521460692,54.579092247615364,,,,,,
36,7.2,730.5528455284552,231.2682926829268,727,223,9,18,155.55284552845524,,544.7317073170732,,544.7317073170732,,0.8144128038139018,0.9264144682263149,True,7,7,3,1,"fly (1,7)",0.20000000000000018,-0.20944955351194494,0.333866453418608,0.39412678694129966,1.9706339347064965,-1.6693322670931805,544.7281259539195,20.888535803791953,18.018494623655844,,,,,,
37,7.4,730.6774193548388,231.61290322580646,727,223,9,19,155.67741935483878,,544.3870967741935,,544.3870967741935,,0.815065022800203,0.9258283958744788,True,7,7,3,1,"fly (1,7)",0.20000000000000018,0.1245738263835392,0.34461054287965,0.36643562119919953,1.832178105995996,-1.7230527143982484,546.343694931007,10.852041786365893,8.077844885437681,,,,,,
38,7.6,732.2719298245614,226.08771929824562,729,218,8,18,157.27192982456143,,549.9122807017544,,549.9122807017544,,0.8234132451547719,0.9352249671798545,True,7,7,3,1,"fly (1,7)",0.1999999999999993,1.5945104697226498,-5.525183927560846,5.750662663679017,28.753313318395186,27.625919637804472,548.2679084340116,11.240146503159638,9.621067515022935,,,,,,
39,7.8,732.4782608695652,225.49565217391304,729,218,8,17,157.47826086956525,,550.5043478260869,,550.5043478260869,,0.8244935124061008,0.936231884057971,True,7,7,3,1,"fly (1,7)",0.20000000000000018,0.2063310450038216,-0.5920671243325728,0.6269896170175479,3.1349480850877365,2.960335621662577,550.1267549638259,12.037320082571341,9.294232649071466,,,,,,
40,8.0,733.1272727272727,226.03636363636363,730,218,8,17,158.12727272727273,,549.9636363636364,,549.9636363636364,,0.8278914802475011,0.9353123067408782,True,7,7,3,1,"fly (1,7)",0.20000000000000018,0.6490118577074782,0.540711462450588,0.8447397688462202,4.223698844231097,-2.7035573122526535,550.0500757267924,2.996261135470385,-0.3833961851669698,,,,,,
41,8.2,732.9626168224299,226.3177570093458,730,218,7,18,157.96261682242994,,549.6822429906542,,549.6822429906542,,0.8270294074472772,0.9348337465827453,True,7,7,3,1,"fly (1,7)",0.1999999999999993,-0.1646559048427889,0.2813933729821656,0.326027295418463,1.6301364770923208,-1.4069668649108331,549.8207977052529,2.1769909582712206,-1.146390107698496,,,,,,
42,8.4,732.9449541284404,226.1834862385321,730,218,7,18,157.94495412844037,,549.8165137614678,,549.8165137614678,,0.8269369326096354,0.9350620982337888,True,7,7,3,1,"fly (1,7)",0.20000000000000107,-0.017662693989564104,-0.13427077081368566,0.1354275106980494,0.6771375534902434,0.6713538540679984,549.749378376061,1.1536370152912823,-0.36780650542141724,,,,,,
28,5.6,598.1318681318681,236.12087912087912,595,230,8,14,23.131868131868146,,539.8791208791208,,539.8791208791208,,0.12110925723491175,0.9181617702025864,True,8,8,3,1,"fly (1,8)",,,,,,,539.9970317039282,0.6101669308164244,0.5895541240369079,,,,,,
29,5.8,598.0689655172414,235.88505747126436,595,230,8,14,23.068965517241395,,540.1149425287356,,540.1149425287356,,0.12077992417403871,0.9185628274298224,True,8,8,3,1,"fly (1,8)",0.20000000000000018,-0.06290261462675062,-0.23582164961476337,0.24406677232656995,1.2203338616328487,1.1791082480738158,540.1051639930951,0.792618835639022,0.7371794871795595,,,,,,
30,6.0,597.9642857142857,235.67857142857144,595,230,8,13,22.964285714285666,,540.3214285714286,,540.3214285714286,,0.12023186237845898,0.9189139941690961,True,8,8,3,1,"fly (1,8)",0.20000000000000018,-0.10467980295572943,-0.20648604269291582,0.2315045290568437,1.1575226452842176,1.0324302134648624,541.9579570333881,9.320601175009372,9.263965201465295,,,,,,
31,6.2,598.05,230.5625,595,225,8,13,23.049999999999955,,545.4375,,545.4375,,0.12068062827225107,0.9276147959183674,True,8,8,3,1,"fly (1,8)",0.20000000000000018,0.08571428571428896,-5.116071428571445,5.116789403622215,25.58394701811105,25.580357142857203,545.7804487179487,19.16680313309139,19.11245842280321,,,,,,
32,6.4,598.3406593406594,224.41758241758242,595,218,8,14,23.340659340659386,,551.5824175824175,,551.5824175824175,,0.12220240492491825,0.9380653360245196,True,8,8,3,1,"fly (1,8)",0.20000000000000018,0.2906593406594311,-6.144917582417577,6.151787947175785,30.758939735878897,30.72458791208757,549.637844867898,19.3636631858326,19.286980749746842,,,,,,
33,6.6,598.5,224.1063829787234,595,218,8,14,23.5,,551.8936170212767,,551.8936170212767,,0.12303664921465969,0.9385945867708787,True,8,8,3,1,"fly (1,8)",0.1999999999999993,0.15934065934061437,-0.31119943885903467,0.3496205607015694,1.7481028035078532,1.5559971942957473,553.3665989933106,18.71936437710715,18.64377062706276,,,,,,
34,6.8,598.4752475247525,219.37623762376236,595,213,8,15,23.47524752475249,,556.6237623762377,,556.6237623762377,,0.12290705510341618,0.9466390516602682,True,8,8,3,1,"fly (1,8)",0.20000000000000018,-0.02475247524751012,-4.730145354961024,4.730210118386945,23.651050591934705,23.65072677480496,555.4184144917281,10.41760169173023,10.259077492087266,,,,,,
35,7.0,598.8349514563107,218.2621359223301,595,211,9,16,23.834951456310705,,557.7378640776699,,557.7378640776699,,0.12479032176078902,0.9485337824450168,True,8,8,3,1,"fly (1,8)",0.20000000000000018,0.3597039315582151,-1.1141017014322756,1.1707303359496277,5.8536516797481335,5.5705085071610885,559.2709846291787,19.747297814578936,19.262850687252715,,,,,,
36,7.2,600.4867256637168,212.5486725663717,596,206,10,15,25.48672566371681,,563.4513274336283,,563.4513274336283,,0.13343835426029743,0.9582505568599121,True,8,8,3,1,"fly (1,8)",0.20000000000000018,1.6517742074061061,-5.713463355958396,5.947438234410799,29.73719117205397,28.567316779792097,562.8543917503786,19.20908803960666,17.917035605999544,,,,,,
37,7.4,602.4959349593496,208.6260162601626,598,201,10,17,27.495934959349597,,567.3739837398374,,567.3739837398374,,0.14395777465628062,0.9649217410541452,True,8,8,3,1,"fly (1,8)",0.20000000000000018,2.009209295632786,-3.922656306209092,4.40728425340358,22.03642126701788,19.61328153104544,568.1691605720338,28.77552746330134,26.573844108276248,,,,,,
38,7.6,605.3178294573644,202.31782945736435,601,195,10,17,30.317829457364383,,573.6821705426356,,573.6821705426356,,0.1587320913998135,0.9756499499024415,True,8,8,3,1,"fly (1,8)",0.1999999999999993,2.8218944980147853,-6.308186802798247,6.910593990166409,34.552969950832164,31.540934013991205,571.5162305319686,19.689754121021803,16.735349799674314,,,,,,
39,7.8,605.776119402985,202.50746268656715,601,195,11,17,30.776119402985046,,573.4925373134329,,573.4925373134329,,0.1611315151988746,0.9753274444106002,True,8,8,3,1,"fly (1,8)",0.20000000000000018,0.4582899456206633,0.1896332292027978,0.4959742290430737,2.479871145215366,-0.9481661460137039,573.4414380517603,15.874229616432382,9.626037598958648,,,,,,
40,8.0,607.8661417322835,202.8503937007874,603,196,11,16,32.866141732283495,,573.1496062992126,,573.1496062992126,,0.17207404048315966,0.9747442284000214,True,8,8,3,1,"fly (1,8)",0.20000000000000018,2.090022329298449,0.3429310142202553,2.1179695506499256,10.589847753249618,-1.7146550711015591,573.9755654860579,10.214963381037355,2.6706371714880235,,,,,,
41,8.2,610.6585365853658,200.71544715447155,606,194,11,15,35.65853658536582,,575.2845528455284,,575.2845528455284,,0.18669390882390483,0.9783750898733476,True,8,8,3,1,"fly (1,8)",0.1999999999999993,2.792394853082328,-2.1349465463158595,3.5150342489294033,17.57517124464708,10.674732731579335,576.8219683921624,21.79391454369257,14.232014530521866,,,,,,
42,8.4,613.8015873015873,193.96825396825398,609,188,12,15,38.80158730158735,,582.031746031746,,582.031746031746,,0.2031496717360594,0.9898499082172552,True,8,8,3,1,"fly (1,8)",0.20000000000000107,3.1430507162215235,-6.747193186217572,7.443344926636241,37.21672463318101,33.735965931087826,580.7929329590914,24.53490031166977,19.8548228346457,,,,,,
43,8.6,616.03125,190.9375,612,188,10,8,41.03125,,585.0625,,585.0625,,0.21482329842931938,0.9950042517006803,True,8,8,3,1,"fly (1,8)",0.1999999999999993,2.2296626984126533,-3.0307539682539755,3.7625610114362282,18.812805057181208,15.15376984126993,584.0596639314859,18.965795392094048,16.333654861972448,,,,,,
44,8.8,616.2033898305085,190.91525423728814,612,188,10,8,41.20338983050851,,585.0847457627119,,585.0847457627119,,0.215724554086432,0.9950420846304624,True,8,8,3,1,"fly (1,8)",0.20000000000000107,0.17213983050851311,-0.022245762711861516,0.1735712971839874,0.8678564859199324,0.1112288135595912,585.2689400769324,7.720165878392213,6.046380727231835,,,,,,
45,9.0,616.5957446808511,190.3404255319149,613,188,9,7,41.59574468085111,,585.6595744680851,,585.6595744680851,,0.21777876796257126,0.9960196844695325,True,8,8,3,1,"fly (1,8)",0.1999999999999993,0.3923548503425991,-0.5748287053732497,0.6959672184150987,3.4798360920755056,2.8741435268659745,585.5909638864562,2.1521592424563436,1.6101190476191203,,,,,,
46,9.2,616.8,189.97142857142856,614,188,8,6,41.799999999999955,,586.0285714285715,,586.0285714285715,,0.21884816753926678,0.9966472303206998,True,8,8,3,1,"fly (1,8)",0.1999999999999993,0.20425531914884232,-0.3689969604863279,0.42175702987471836,2.1087851493735994,1.8449848024317883,586.0071597433299,3.107079013570812,2.0809792843690933,,,,,,
47,9.4,617.4814814814815,189.66666666666666,615,188,7,5,42.481481481481524,,586.3333333333334,,586.3333333333334,,0.22241613341089803,0.9971655328798187,True,8,8,3,1,"fly (1,8)",0.20000000000000107,0.6814814814815691,-0.3047619047619037,0.7465231598526718,3.732615799263339,1.5238095238095102,586.2655624568669,2.5561532174237,1.2920135676841962,,,,,,
48,9.6,617.1304347826087,189.56521739130434,615,188,6,5,42.130434782608745,,586.4347826086956,,586.4347826086956,,0.22057819257910338,0.997338065661047,True,8,8,3,1,"fly (1,8)",0.1999999999999993,-0.3510466988727785,-0.10144927536231307,0.36541174072683225,1.8270587036341677,0.5072463768112829,586.4293719806764,2.2941190774794027,0.8190476190475232,,,,,,
49,9.8,616.88,189.48,614,188,7,5,41.879999999999995,,586.52,,586.52,,0.21926701570680626,0.9974829931972788,True,8,8,3,1,"fly (1,8)",0.20000000000000107,-0.25043478260874963,-0.08521739130435435,0.26453654590814313,1.3226827295407086,0.4260869565217695,586.4773913043477,1.5748707165874345,0.4666666666665297,,,,,,
43,8.6,612.8375,214.65,608,211,11,9,37.83749999999998,,561.35,,561.35,,0.19810209424083758,0.9546768707482993,True,9,9,3,1,"fly (1,9)",,,,,,,556.9224747474748,22.945006479344517,-22.13762626262638,,,,,,
44,8.8,610.4242424242424,223.50505050505052,607,216,8,16,35.42424242424238,,552.4949494949494,,552.4949494949494,,0.18546723782325852,0.9396172610458323,True,9,9,3,1,"fly (1,9)",0.20000000000000107,-2.413257575757598,8.855050505050514,9.178002591737856,45.890012958689034,-44.27525252525276,559.0061396275681,34.01299176481948,3.039115646258542,,,,,,
45,9.0,606.9489795918367,212.8265306122449,604,205,7,17,31.948979591836746,,563.1734693877551,,563.1734693877551,,0.16727214445987826,0.9577780091628487,True,9,9,3,1,"fly (1,9)",0.1999999999999993,-3.475262832405633,-10.67851989280561,11.229792467153842,56.14896233576941,53.392599464028386,565.4358647134787,64.73714982606221,32.148625429553455,,,,,,
46,9.2,601.0515463917526,195.36082474226805,598,188,8,16,26.051546391752595,,580.639175257732,,580.639175257732,,0.13639553084687223,0.987481590574374,True,9,9,3,1,"fly (1,9)",0.1999999999999993,-5.897433200084151,-17.46570586997686,18.434494836745564,92.17247418372816,87.32852934988475,576.4172230119103,58.14031828477322,54.90679149215769,,,,,,
47,9.4,599.0,190.5609756097561,596,188,7,7,24.0,,585.439024390244,,585.439024390244,,0.1256544502617801,0.995644599303136,True,9,9,3,1,"fly (1,9)",0.20000000000000107,-2.051546391752595,-4.799849132511952,5.219903666964441,26.09951833482207,23.999245662559915,583.039099823988,59.13599625927512,55.66388750622234,,,,,,
