assay_tube_index,time_s,mean_height_px,max_height_px,mean_vertical_velocity_px_s,max_vertical_velocity_px_s,mean_speed_px_s,max_speed_px_s
1,0.0,191.86050068435696,362.72727272727275,56.49026438171072,204.9242424242424,57.904552494100564,204.93995696762414
1,0.2,143.4548080442102,252.82608695652175,-3.3131739460717253,21.884615384615433,16.12721086557623,62.94896170695888
1,0.4,161.31409485576154,253.11363636363637,1.0520020413978994,65.85858585858588,35.22487168761864,65.88052242073913
1,0.6,206.5480218855219,608.6363636363636,-12.040631008661698,137.37373737373744,70.57373331452035,137.47363342443876
1,0.8,305.9549062049062,609.0909090909091,125.17598930271254,240.55121870882746,130.90721256808732,240.6327964426546
1,1.0,155.37852291692732,608.7916666666666,-33.54887759486162,55.914141414141454,76.2085832258222,199.82795229664384
1,1.2,230.98772106964984,608.7692307692307,6.465311856699709,360.1079545454546,101.7115104530405,360.2213949953125
1,1.4,109.51996440172084,163.4230769230769,24.7334469114991,216.95152505446617,71.16907335696872,222.81533587968943
1,1.6,123.99370681605978,202.17647058823536,63.68131418720587,308.44860368389783,69.2357133009067,308.6347513700185
1,1.8,89.75686363344259,189.68000000000006,2.1713372166404903,195.95431235431238,77.5709141958002,195.99184698624254
1,2.0,105.74923582164962,249.23076923076928,75.1483527310472,164.13381642512073,97.52173951591541,164.169421261878
1,2.2,141.48286738351254,249.73333333333335,20.930214363790185,118.3763828763828,69.20489866414927,180.10853049750904
1,2.4,228.49602534974875,602.4444444444445,87.86946838587346,313.04300356506235,101.21220679831667,313.1210215997287
1,2.6,199.9258096760705,603.2083333333334,45.47719372535813,399.74783549783564,95.75178883363078,399.947343130475
1,2.8,163.81095068330362,295.72727272727275,96.10265100306297,470.92532467532476,123.10073890479966,471.0817321439299
1,3.0,234.1523887631976,604.3076923076924,10.9140218810738,30.1495726495728,16.285364657426705,43.47446669409887
1,3.2,234.55858378766362,604.3076923076924,-37.16483895734695,3.9162601626016644,43.22297657881497,160.72624604403907
1,3.4,212.3889331640534,604.3076923076924,-45.41050133923034,3.5633484162896902,50.415478215932716,188.94211622998998
1,3.6,106.9541011369583,167.79999999999995,-48.50971845437398,64.52094474153284,97.8402940781332,202.207350629559
1,3.8,204.4705194805195,604.3333333333334,5.391231721902085,132.83979500891257,76.74049555116166,232.43264409605914
1,4.0,210.91868374143914,604.0526315789474,-6.721224328892407,1.079931972789153,17.933484491882947,54.722272588357335
1,4.2,132.50607550344392,247.63636363636363,29.659455427408922,126.56922485726825,86.31396872886637,253.17054724881908
1,4.4,210.4585202942201,604.1764705882354,-3.9432052725396103,10.098351940457237,12.009055009784639,23.354440469764437
1,4.6,225.5260717281851,604.1764705882354,88.87651746993176,353.17316017316006,114.60433093486695,353.26270571406127
1,4.8,259.0756746031746,601.5833333333334,129.14132931351216,427.13474025974006,161.1145909822349,427.24246317685447
1,5.0,261.7299539170507,602.9354838709678,107.05558119854804,561.4736842105258,140.42821274661804,561.6198214998298
1,5.2,109.79901960784314,225.5,0.8187637810373017,9.466666666666764,23.674041756299886,57.274904990729226
1,5.4,237.5980270348001,603.0,-12.860002042159199,9.991789819376127,32.69461517958108,113.38913596077437
1,5.6,97.85431034482758,183.125,-49.17206731177325,8.02083333333333,69.93199588046956,191.33320526360941
1,5.8,53.73741883116884,102.8125,16.553701488569853,35.173484848484726,23.025706739078764,39.63872219857426
1,6.0,44.660000000000025,83.70000000000005,-118.47052861755728,-4.136363636363472,120.47077367727678,232.83696060035825
1,6.2,303.6149732620321,603.4117647058823,-43.3027812636447,-3.770562770562831,47.26970543084786,83.33334902790199
1,6.4,60.780519480519466,168.72727272727275,-39.9208106086051,26.16915973831264,72.03433505748755,149.84430747775156
1,6.6,85.76759300761995,163.78260869565224,-36.329378342246,11.479500891265607,89.66247409143172,157.42222978900816
1,6.8,36.90684836984648,96.27272727272725,-58.20799597127867,13.843137254902091,68.6116746511906,120.79403149282552
1,7.0,36.69128257363551,96.27272727272725,44.209784709217125,118.36981566820266,124.89375191475864,134.45132751218884
1,7.2,153.20541958041957,354.2307692307692,144.28179608677993,339.8841354723704,188.41694393349184,339.95321234163663
1,7.4,243.37995337995335,352.2307692307692,262.22298616416265,663.5204991087345,424.07620108724336,663.6108281743522
1,7.6,189.34375,222.5,209.925662878788,247.58333333333357,210.13945506654554,247.98203595950994
1,7.8,330.95726495726495,603.0,248.3207475394976,835.4545454545458,439.1714646694224,835.5667716693754
1,8.0,189.55897435897438,248.23076923076928,-104.74359400346255,93.27791068580571,278.03054858559705,421.453845233888
1,8.2,114.79473684210524,223.78947368421052,-189.09382028789918,-112.27631578947313,196.8956510845465,266.28523858968595
1,8.4,120.16028708133973,159.68421052631584,-219.83566433566443,-218.33799533799552,258.7005503273279,295.96205769628045
1,8.6,37.95000000000001,98.79999999999995,-191.94469109107288,-138.8237179487184,233.36639915391865,317.96898772039236
1,8.8,5.076923076923094,5.076923076923094,4.554118773946354,4.554118773946354,7.699728079076316,7.699728079076316
1,9.0,50.36370837017387,82.84615384615381,-60.238303877487056,5.032608695652068,110.63726382245692,179.74131970429687
1,9.2,51.25281803542672,81.88888888888891,65.9543981481479,135.70486111111046,92.29638961853253,205.12782854293405
1,9.4,83.27055555555557,160.91666666666674,38.99464930996011,233.4054487179482,119.09417340287469,238.16115588962998
1,9.6,73.76049795615013,200.23076923076928,35.074002836999675,227.60416666666603,117.58924578032294,227.70935049463003
1,9.8,72.29721973762673,200.5625,-27.433339544822186,99.11458333333346,93.59160764329624,167.14272549496545
2,0.0,68.63333333333333,72.26666666666665,104.63344988344994,173.65151515151524,104.65003296947788,173.67795326659163
2,0.2,141.72727272727275,141.72727272727275,173.65151515151524,173.65151515151524,173.67795326659163,173.67795326659163
2,1.0,136.23076923076928,136.23076923076928,11.521367521367539,11.521367521367539,35.97029733713165,35.97029733713165
2,1.6,114.23076923076928,114.23076923076928,-30.33760683760687,-30.33760683760687,77.84630673717858,77.84630673717858
2,2.0,64.0,64.0,-11.73076923076926,-11.73076923076926,96.45614310475717,96.45614310475717
2,2.6,140.23076923076928,140.23076923076928,0.4914529914529619,0.4914529914529619,84.23392088253495,84.23392088253495
2,3.0,140.23076923076928,140.23076923076928,44.25747863247857,44.25747863247857,44.32463048774208,44.32463048774208
2,3.2,141.375,141.375,0.8376068376067769,0.8376068376067769,3.135780700338451,3.135780700338451
2,3.4,140.73333333333335,140.73333333333335,-0.8290598290598901,-0.8290598290598901,4.802447367005118,4.802447367005118
2,3.8,138.73333333333335,138.73333333333335,-33.77884615384611,-33.77884615384611,33.88320749066041,33.88320749066041
2,4.6,64.23076923076928,64.23076923076928,-30.957264957264986,-30.957264957264986,34.468365945300235,34.468365945300235
2,5.2,67.38461538461536,67.38461538461536,16.828282828282894,16.828282828282894,78.9259261100331,78.9259261100331
2,5.6,122.72727272727275,122.72727272727275,2.108707264957341,2.108707264957341,93.64710644877341,93.64710644877341
2,6.0,67.8125,67.8125,-0.5346331908829846,-0.5346331908829846,92.78476615318378,92.78476615318378
2,6.2,67.27777777777783,67.27777777777783,-45.904356060606,-45.904356060606,47.43026972512789,47.43026972512789
2,6.4,67.72727272727275,67.72727272727275,-0.1420454545454112,-0.1420454545454112,1.6616102574782279,1.6616102574782279
2,6.6,67.72727272727275,67.72727272727275,22.415824915824857,22.415824915824857,22.442885820780972,22.442885820780972
2,6.8,80.72727272727275,80.72727272727275,20.015948963317282,20.015948963317282,23.324181284549823,23.324181284549823
2,7.0,79.73684210526312,79.73684210526312,1.6826156299839663,1.6826156299839663,41.657514617883145,41.657514617883145
2,7.2,68.73684210526312,68.73684210526312,-19.386724386724428,-19.386724386724428,20.75087870057292,20.75087870057292
2,7.4,69.09523809523807,69.09523809523807,-16.37958532695371,-16.37958532695371,20.47231713862088,20.47231713862088
2,7.6,69.90909090909088,69.90909090909088,0.7719298245615538,0.7719298245615538,3.325551572856559,3.325551572856559
2,7.8,69.20000000000005,69.20000000000005,1.6746031746032626,1.6746031746032626,4.059032072729434,4.059032072729434
2,8.0,70.10000000000002,70.10000000000002,-0.21885521885507572,-0.21885521885507572,3.224880428818864,3.224880428818864
2,8.2,69.77777777777783,69.77777777777783,0.8787878787878441,0.8787878787878441,2.4923122087301057,2.4923122087301057
2,8.4,69.72727272727275,69.72727272727275,-0.6132376395534718,-0.6132376395534718,1.0101436918042852,1.0101436918042852
2,8.8,69.73684210526312,69.73684210526312,-0.91245791245796,-0.91245791245796,1.3081087876347535,1.3081087876347535
2,9.2,68.73333333333335,68.73333333333335,-0.8282828282828265,-0.8282828282828265,0.8541092401545155,0.8541092401545155
2,9.4,68.73333333333335,68.73333333333335,-1.2543859649122073,-1.2543859649122073,1.2544166356205628,1.2544166356205628
3,0.0,103.05988700564973,203.9333333333334,3.784113209946156,7.21289954337891,5.185285171432771,7.225734793224081
3,0.2,104.57353228962819,206.81849315068496,8.182783649870373,15.842968429684182,9.877220437344235,16.234728814762352
3,0.4,107.96955719557195,213.4391143911439,15.529454890683686,28.842171717171635,17.814281778966116,30.289078876274516
3,0.6,112.37755994005994,221.23863636363637,19.380151136096135,36.90051391240388,21.016730237918217,38.350161772312504
3,0.8,116.20162297128587,228.9588014981273,19.561272769506672,37.26084341135371,20.49891243404775,38.44330959238639
3,1.0,119.70632085727595,235.79562043795613,14.826263982537473,29.563513037350237,15.28765522599047,29.746340729382595
3,1.2,121.27331832958242,238.97674418604652,14.97965555962907,29.817698918822476,15.39139765723801,30.16478116281986
3,1.4,125.18941630706331,246.84942084942077,10.952201535983098,21.52926309436263,11.427584166120825,21.83164657618344
3,1.6,126.27764177886581,248.7131782945737,10.018233725097902,19.928940568475472,10.752885603021062,20.1852793858834
3,1.8,127.28425856464116,250.9341085271318,6.036588762040935,11.710109219836985,6.6183437588452625,11.887989426142715
3,2.0,128.81136956428787,253.87548638132296,4.296889794201207,8.616816979860953,4.844204838105033,8.757616033148613
3,2.2,128.85577565538654,253.88326848249028,4.202349085922021,8.564609944659013,5.0461427538080885,8.800037826950856
3,2.4,129.80566801619437,256.0728744939272,1.778669773805937,3.833373037931177,2.68513752922904,4.004605959087925
3,2.6,129.87857142857143,256.17551020408166,5.4755842749601005,11.428862152613812,6.377675850637902,11.595014465268276
3,2.8,132.1411262203626,260.74058577405856,4.17557607578109,8.432261518385843,4.558869964825426,8.500425125964943
3,3.0,132.31101366166303,261.1322314049587,5.549980776624327,9.251888990890421,6.556535650444687,9.51496166187653
3,3.2,122.11644706172456,261.7266435986159,0.9840923129998916,3.4594671201815195,1.5658672225634644,5.166984159797605
3,3.4,103.50634616434981,261.8581314878893,2.343991130904502,6.065651140839158,4.377626192608872,10.677802189089496
3,3.6,134.6253220463747,262.12145748987854,7.189856578347555,9.454761904762002,11.471936305114475,17.759745922644235
3,3.8,137.52247384155456,264.68161434977577,11.78619492583124,18.66332328385889,16.08776510465639,27.154915354632863
3,4.0,140.80945616883116,264.80357142857144,13.339245148698682,19.272360766168777,25.016453585664244,30.236125800993193
3,4.2,109.69475629447759,273.6848739495798,22.11440627086699,37.253517496272245,30.6421082745145,43.8062684779434
3,4.4,118.98598404879192,281.12931034482756,18.901424474047307,52.55868920529728,36.89566994137452,57.974927718220556
3,4.6,119.12509946692137,281.59832635983264,29.194834490475767,71.67940040337744,44.81877047456627,71.84610957822578
3,4.8,191.8297491825942,296.825327510917,48.61736918350857,57.71954236239937,49.532156143623965,58.20638704844
3,5.0,201.96466851925362,304.83842794759823,61.56097434516302,69.08912926001707,63.21634395330854,70.30254982638502
3,5.2,214.37026555351164,314.01801801801804,50.44698235649501,71.68471524288098,52.47815128045738,74.47842990639327
3,5.4,222.09793859649125,314.35087719298247,45.92663990104234,76.26653273062142,49.251082252673854,81.58564160906634
3,5.6,229.52065245987902,314.1904761904762,35.56024496006536,68.21070513534593,42.67225200918542,81.8639619971842
3,5.8,235.70641252955085,315.7638888888889,29.02748341477868,54.88400178253118,39.24365859880608,74.65120339408124
3,6.0,239.51442864535844,316.2534562211982,23.150933865462118,42.82926394582049,41.94026990344026,80.21020419265757
3,6.2,243.4112127791563,316.27403846153845,23.262460598896723,29.24251379038611,51.96519282548248,86.1285381439119
3,6.4,249.6638888888889,326.1333333333333,21.912422220521634,27.89495733468568,63.80437927068254,99.21230810841739
3,6.6,252.6618819776714,332.99043062200957,16.44377177709061,34.24536262851482,61.08583570523791,87.11603065922759
3,6.8,253.27747584541066,336.82125603864733,14.919243175493484,28.05581885202744,47.11611144484858,65.12022140049923
3,7.0,258.615434794185,342.9668246445498,29.269573283648946,43.84189313408916,45.68273494573839,45.8148943645395
3,7.2,270.2236259478608,359.2955665024631,41.977202292675656,60.42545762266261,45.86549639578811,62.272477499105605
3,7.4,278.4637972210161,373.07653061224494,50.21340577780765,64.3741328387938,52.1392035623723,65.83985106945885
3,7.6,155.5260814269464,381.59130434782605,29.253896436418252,63.779318987122906,31.61021712500862,64.646842959207
3,7.8,162.98604537810976,397.56315789473683,41.586021866357996,54.47719891297144,43.48623117464049,55.85009366345644
3,8.0,175.33785402683446,401.07650273224044,36.4240064567643,56.5560268646164,43.07468601302286,58.30834634742671
3,8.2,177.380485301005,401.4308510638298,26.27928197912565,59.90633323705915,34.99148778699828,61.74674769477958
3,8.4,178.75361456558517,398.1439393939394,7.600804474137425,46.64721851357364,17.07361655302567,47.484635916680894
3,8.6,179.89833671131692,396.95035460992904,7.304701290541142,36.83943089430905,13.119770825591429,37.30800875353172
3,8.8,181.7633060753297,396.1575342465753,7.208792514499384,28.858809257185374,10.73194539770433,33.52792758218874
3,9.0,183.0788900742848,396.1388888888889,6.549648059255441,18.610381403746366,12.027615851135124,34.92275599693239
3,9.2,183.82812554687018,396.1489361702128,6.805911756121599,11.18439587861227,14.003466026126812,37.88673783985734
3,9.4,223.72082359702293,396.31775700934577,3.8878486423173784,9.401859349227843,21.167673628490128,50.21927695754425
3,9.6,224.06852658173412,396.6320754716981,6.494981712905505,15.14663275326784,25.829456936109114,62.389211356272654
3,9.8,225.59090001331379,396.5603448275862,4.675191040727147,15.340896058717696,27.95619575180343,70.58052634841455
4,0.0,71.60501930259088,158.73333333333335,7.24350641768729,59.423076923076934,17.632902911150264,59.45750775842575
4,0.2,93.20219396205832,162.24137931034488,-4.981321906821327,19.692423105776317,21.18767391242311,30.8714399285122
4,0.4,83.55446858768563,150.16666666666674,2.433289596628375,40.008803785627926,25.983453917420007,46.3071598927683
4,0.6,79.2933285393191,149.78571428571422,6.165755311498842,45.50061050061051,18.401808636114804,45.60076961414857
4,0.8,80.20892024642026,149.9333333333334,-2.3238835286576895,5.9987515605492545,8.032207051454836,20.459886112228762
4,1.0,57.26536006820739,91.59925093632955,1.9821082599757893,3.6027408920667394,4.471092110748132,8.921045121196196
4,1.2,74.36384868487966,126.5,9.822178551936084,24.450138026225172,21.535960747685674,63.55504034398427
4,1.4,93.90905380643012,152.73913043478262,5.279077426675286,25.501744498121283,35.98987256807943,64.68867881795906
4,1.6,57.53527180273613,88.50716332378215,-5.315972059266288,-0.9162747667873217,21.240352732070363,22.05079690387907
4,1.8,89.31523176546757,154.2962962962963,10.14290032420545,45.785695115405275,28.031444107426527,46.30972641825175
4,2.0,81.25329905024051,154.75,12.151942309364774,51.61656130584519,21.398510176178277,52.00210114766304
4,2.2,88.92766057666002,155.80769230769238,18.136767892188864,24.44474583082187,28.086303845240113,38.46140669356338
4,2.4,68.7863233665559,98.34883720930225,-9.65465123898841,-3.3497065183810406,54.02373154188612,55.33005341582362
4,2.6,136.56772053247957,260.6923076923076,10.355864285147213,95.78905547833948,51.492421845097816,96.2055886231696
4,2.8,85.71950794020367,170.23076923076928,-9.036299816201154,62.638000297574905,83.22409965046596,129.39824740162712
4,3.0,99.08168271754494,170.73333333333335,-11.877104003389842,46.17894257442131,56.4122876148185,101.36451122661269
4,3.2,81.30499399660499,150.73333333333335,-15.557141034330945,47.75676005827833,45.72946946756858,52.19062951824285
4,3.4,114.84909819639279,154.60000000000002,-5.3700364400205345,3.6627048977367402,66.11240930727084,79.89908809021985
4,3.6,58.4569163943371,99.70943396226414,1.0949685767158777,3.0037296037294516,28.225898687240914,79.24855044645705
4,3.8,99.81082261105044,169.58333333333326,7.389790545030368,39.280783789801944,22.058596520558456,42.960487429307
4,4.0,82.16543481812147,153.73913043478262,-3.266376975023531,13.424932873034168,12.948030176883291,23.839422420162308
4,4.2,69.50251303935516,99.68070175438595,-17.79915741535703,-0.8029165955995595,19.527535976987107,34.85299156169861
4,4.4,94.4102058916693,143.72727272727275,1.7782124832860369,24.53921858731984,23.01117800341015,25.084862852264024
4,4.6,86.42812403638607,149.52173913043475,-3.6961913887425393,19.170154227699,40.28921841276524,49.44955017465227
4,4.8,84.98219232373802,160.23529411764707,10.615317813458326,30.856844305120237,30.845293462299882,49.45598472963639
4,5.0,84.7498393638638,162.24137931034488,15.842824177472817,27.654677672956023,18.37533865156492,28.99898516293851
4,5.2,86.04964467663038,163.8888888888889,2.475632826984273,8.807843137254842,5.618900354102814,8.862815470402198
4,5.4,86.46757201992858,165.51999999999998,0.5048270976057666,3.0907054871221322,5.89084747953034,10.60019474268259
4,5.6,85.05273562242726,162.4716981132076,-0.6606468078957608,0.7407407407405492,5.225389423286315,10.935904607747405
4,5.8,85.65325659189293,164.33333333333326,-1.3797079289787046,-1.1684981684982136,4.391910213988138,8.791159651748734
4,6.0,85.63974726254136,164.61764705882354,2.7322805255027554,10.624092888243686,4.273901233022928,10.761031536792155
4,6.2,101.07034981684978,168.8461538461538,0.2936972214188646,7.521367521367583,3.480628141935007,7.6583011334371145
4,6.4,100.59132360636563,168.8461538461538,1.7515928048851337,10.571266968325679,5.338551536073387,10.576182009995764
4,6.6,83.85917338958379,159.76470588235293,-0.9637554393380704,2.6755765199163952,4.406307162410655,8.540512226336455
4,6.8,83.54814554592093,160.18867924528308,-7.856007286643454,12.003378378378414,18.404735033087004,50.05990423073798
4,7.0,117.8012596841919,164.0270270270271,-4.005861231451127,1.4335190483363174,59.09488826005481,94.53303290708845
4,7.2,84.76062087838739,154.09756097560978,-0.4414813615496238,22.27212162262227,43.235486441109906,94.34247139849458
4,7.4,99.02914979538745,156.1621621621622,23.20838617114428,48.154024985406615,43.19135714031381,50.53445922529799
4,7.6,83.35752835330302,149.66666666666674,13.908635058721009,89.14367444024049,38.10543122998085,89.22408162544616
4,7.8,91.36256722979886,153.74074074074076,-11.935866214708954,3.3460819309873995,21.62469314815951,25.61416828588951
4,8.0,92.47284747665492,158.16981132075466,-0.8354487829126356,15.06944444444418,11.122324308637905,15.136979343501084
4,8.2,92.09750092902266,158.70833333333326,-1.208036994153115,7.4807098765433,6.9380037783439255,9.117126165999695
4,8.4,90.63774503330698,158.22916666666674,-7.493956667477245,6.8128217503217074,14.424608842804268,28.687169092431077
4,8.6,140.80236511456022,189.72727272727275,36.458196255289884,104.48923016311986,55.992573806118806,104.56318045445761
4,8.8,96.68980463980465,158.28846153846155,6.152837729536007,16.14394632074185,26.2092375928821,60.23747374598546
4,9.0,96.38723691631787,156.73333333333335,15.038860024268141,42.24245637713281,21.56928120618468,42.27643678804019
4,9.2,96.9997894907295,154.73913043478262,2.4288859117219976,9.329556020455653,9.501641611942299,12.336372288317042
4,9.4,98.14713618683784,154.24,-6.70085943065352,0.9486432286770743,15.344230375426662,16.10025117912807
4,9.6,92.36672125792579,147.38709677419354,0.25731365937605044,0.9258823001502803,20.095530000455792,24.76822913303627
4,9.8,97.15417768635518,154.890243902439,-2.482396251206767,1.6256097560973406,26.442462229217877,35.90451003801096
