internal_track_id,display_id,assay_tube_index,physical_vial_index,label,start_frame_index,end_frame_index,start_time_s,end_time_s,duration_s,n_samples,n_detected_samples,crossing_detected,unique_crossing_detected,unique_crossing_event_id,first_crossing_frame_index,first_crossing_time_s,threshold_distance_px,max_height_px,mean_height_px,max_vertical_velocity_px_s_raw,mean_vertical_velocity_px_s_raw,max_vertical_velocity_px_s_smoothed,mean_vertical_velocity_px_s_smoothed,max_speed_px_s_raw,mean_speed_px_s_raw,max_speed_px_s_smoothed,mean_speed_px_s_smoothed
1,1,1,1,"fly (1,1)",0,49,0.0,9.8,9.8,49,49,False,False,,,,524.0,611.4765100671141,608.1536000675742,14.144181728441355,0.43289857463063197,6.7407960301649945,0.42891052020624115,156.77052420690796,10.057760775464153,97.60879156343196,9.855536757590322
2,2,1,1,"fly (1,2)",0,49,0.0,9.8,9.8,49,49,False,False,,,,524.0,610.84375,610.4642545836166,3.5149898373987267,0.030443163552339877,1.3452743902439581,0.03234521415116009,20.220206204341796,4.896110387029406,10.199327615962897,4.8478922512147085
3,3,1,1,"fly (1,3)",0,49,0.0,9.8,9.8,50,50,False,False,,,,524.0,611.424,611.2857109282318,0.9523641661962747,0.007368770252794226,0.3520667150108164,0.007399178995363328,71.83590661635886,11.042861201164955,39.80765045073153,11.06828635019382
4,4,1,1,"fly (1,4)",0,7,0.0,1.4,1.4,2,2,False,False,,,,524.0,611.8363636363637,611.7718403547672,0.09217611656635785,0.09217611656635785,0.046088058283178926,0.046088058283178926,5.778530594879184,5.778530594879184,2.889265297439592,2.889265297439592
16,5,1,1,"fly (1,5)",1,49,0.2,9.8,9.600000000000001,38,38,False,False,,,,524.0,611.3986928104575,610.1339940683275,0.6828621291447198,-0.11722410339507806,0.3590911365796503,-0.11085025319022271,55.43371124566439,3.3557287814419965,19.64454847122803,3.2683887428298144
25,6,1,1,"fly (1,6)",22,40,4.4,8.0,3.5999999999999996,11,11,False,False,,,,524.0,611.8813559322034,611.758987824772,0.707142857142457,-0.07452868109871673,0.18484270178532825,-0.07254217725011233,52.580267211689836,10.659827894091254,24.64587875570059,9.621173331669356
5,1,2,2,"fly (2,1)",0,8,0.0,1.6,1.6,7,7,False,False,,,,524.0,606.2905982905983,603.6626474000701,7.776898908004455,-2.2032731259938974,2.9909617840651967,-1.860631909041677,71.06380110058085,26.28099744107575,51.31637447461674,22.57469973766032
6,2,2,2,"fly (2,2)",0,21,0.0,4.2,4.2,20,20,False,False,,,,524.0,606.3557312252965,604.7845847967498,11.139328063241294,0.13626805417795831,4.2197642906663155,5.633756793530509e-05,186.32632088131786,21.798950256248812,93.43396166970166,21.921759414994398
7,3,2,2,"fly (2,3)",0,49,0.0,9.8,9.8,48,48,False,False,,,,524.0,608.7899343544858,608.0597923803849,13.533882783883014,0.06521589384269574,4.637158054711274,0.06448146225230957,65.94313614098441,18.699720642250327,60.37119909161991,18.462808100138876
8,4,2,2,"fly (2,4)",0,49,0.0,9.8,9.8,50,50,False,False,,,,524.0,610.0242914979757,609.8099966939781,0.8943168046209841,0.0013549747499456049,0.3078848503846148,0.0021737431739040094,8.660881909639313,1.7034379663401331,4.996360261427307,1.675421896188007
18,5,2,2,"fly (2,5)",5,39,1.0,7.8,6.8,29,29,False,False,,,,524.0,606.136546184739,604.7011116008074,14.432766442025683,0.6519300513366136,4.563659519464707,0.5815013632373749,73.62652005517955,8.567449572584719,49.88779082964928,8.084731765325852
26,6,2,2,"fly (2,6)",22,49,4.4,9.8,5.4,25,25,False,False,,,,524.0,608.7424242424242,606.3703782153221,16.558531910983508,0.7340635636386996,5.895337261525925,0.704110057547449,103.41061083555928,12.717275110012222,42.497648672485596,12.225186231389973
28,7,2,2,"fly (2,7)",39,43,7.8,8.6,0.7999999999999998,5,5,False,False,,,,524.0,606.2581967213115,604.3835942148952,13.38824333561148,5.510715826451365,6.69412166780574,4.567232493736681,70.2030022080142,28.477066241034272,35.1015011040071,23.810524376232433
30,8,2,2,"fly (2,8)",45,49,9.0,9.8,0.8000000000000007,5,5,False,False,,,,524.0,604.9718574108817,604.9703224892917,0.00938086303904132,-0.00021239689900196587,0.0031269543463471067,0.0004837929366014441,5.495407589885974,2.647306214566981,5.294612429133962,2.1044586276034507
9,1,3,3,"fly (3,1)",0,26,0.0,5.2,5.2,21,21,False,False,,,,519.0,193.24324324324323,18.947697602992424,427.2460391425905,23.39077501137724,210.12794567966958,18.76531915439846,427.27129778490877,33.38225953940588,217.14942683701977,28.52265935664618
10,2,3,3,"fly (3,2)",0,7,0.0,1.4,1.4,8,8,False,False,,,,519.0,164.41666666666674,94.56077218064931,256.6091954022989,58.185374149659886,139.36883311883324,45.398314559740236,256.6230835386142,97.51883646523433,141.74970694730305,80.15055953042611
11,3,3,3,"fly (3,3)",0,49,0.0,9.8,9.8,50,50,False,False,,,,519.0,600.8845598845598,600.7953817518061,0.40291305916298514,0.001781218396544937,0.1513646250487004,0.0009011496737817283,3.4721538893656545,1.327765452471466,2.8461556368044376,1.301491303542723
12,4,3,3,"fly (3,4)",0,2,0.0,0.4,0.4,2,2,False,False,,,,519.0,601.7064220183486,601.5145013317549,0.9596034329683789,0.9596034329683789,0.47980171648418946,0.47980171648418946,1.093797895346022,1.093797895346022,0.546898947673011,0.546898947673011
13,5,3,3,"fly (3,5)",0,49,0.0,9.8,9.8,50,50,False,False,,,,519.0,601.8402366863905,601.7026667341784,0.819760773390498,-0.008343942245861685,0.38352939795250496,-0.007796095769793949,45.31022601109733,4.350511952058388,42.51089452562656,4.411262523026834
17,6,3,3,"fly (3,6)",2,4,0.4,0.8,0.4,3,3,False,False,,,,519.0,203.23076923076928,160.97579930797497,233.15527461331845,216.7449558638083,216.7449558638083,159.27307680433546,233.17005838962427,216.81488607144212,216.81488607144212,159.31439088240523
19,7,3,3,"fly (3,7)",5,28,1.0,5.6,4.6,22,22,False,False,,,,519.0,195.23809523809518,76.99105627652666,566.2444330250103,36.009344126686216,361.01896690879823,31.032656356428195,566.2807585263989,108.83407011485252,361.04124020405663,101.00780689608509
20,8,3,3,"fly (3,8)",8,12,1.6,2.4,0.7999999999999998,5,5,False,False,,,,519.0,162.19397363465168,113.80750914204418,232.04129674468737,-65.32155797101441,81.43440050219739,-50.177380483276934,277.92198340838394,187.49625411486807,252.83270846796654,148.7331261528758
21,9,3,3,"fly (3,9)",12,49,2.4,9.8,7.4,34,34,False,False,,,,519.0,171.74045801526722,47.69200713410749,133.49431305289716,-19.75063995532277,97.90884888438133,-18.423860130119348,396.53605174246445,64.0193647506106,236.6326444789164,62.88333850729538
24,10,3,3,"fly (3,10)",17,49,3.4,9.8,6.4,29,29,False,False,,,,519.0,197.74193548387098,66.77417851130924,397.36933797909353,-1.7419935789657761,198.68466898954676,0.0034946754886180605,430.62484880029905,79.51433351890087,198.69579000232523,79.65245366260466
14,1,4,4,"fly (4,1)",0,49,0.0,9.8,9.8,50,50,False,False,,,,522.0,603.6184210526316,603.1664370804115,3.1299840510365695,0.043917348708832814,1.0556112696821167,0.03968088218420847,44.63639044208105,14.537093018368498,31.567662761387805,14.234309898886401
15,2,4,4,"fly (4,2)",0,12,0.0,2.4,2.4,13,13,False,False,,,,522.0,604.2184615384615,603.8858667075224,1.1927092987332333,-1.1178680116622783,0.21258741258729166,-0.8622160786059082,82.87483167882128,9.027438729100318,42.14467052749868,7.292605711018448
22,3,4,4,"fly (4,3)",12,49,2.4,9.8,7.4,38,38,False,False,,,,522.0,604.26875,604.0403028091783,14.332679889298548,0.36633529945337023,7.166339944649274,0.41947936574195716,79.31457585944942,3.178593983607074,39.65728792972471,3.44256699000559
23,4,4,4,"fly (4,4)",15,15,3.0,3.0,0.0,1,1,False,False,,,,522.0,606.4166666666666,606.4166666666666,,,0.0,0.0,,,0.0,0.0
27,5,4,4,"fly (4,5)",25,45,5.0,9.0,4.0,9,9,False,False,,,,522.0,606.6,606.4430976430976,0.3333333333330299,0.06660353535351028,0.19444444444436226,0.05920314253645357,8.670271686118607,1.7621103371024245,4.344794232273123,1.585996225572526
29,6,4,4,"fly (4,6)",44,49,8.8,9.8,1.0,4,4,False,False,,,,522.0,606.5263157894736,606.4440789473684,0.18274853801168883,0.06091617933722961,0.09137426900584442,0.03807261208576851,4.287522178529287,2.2625073928430988,3.393761089264648,1.6224004538602708
